ai,year,problem,model,name,ai_status,ai_time_ms,ai_obj,cp_status,cp_time_ms,cp_obj,delta_ms,delta_s,borda_ai,borda_cpsat
svc-ek1,2021,carpet-cutting,cc_base,mzn_rnd_test.09,Optimal,489713,2470.0,Optimal,233030,2470.0,256683,256.68,0.3227,0.6773
svc-k1,2021,carpet-cutting,cc_base,mzn_rnd_test.09,Optimal,450031,2470.0,Optimal,233030,2470.0,217001,217.0,0.3411,0.6589
svc-ek1,2021,connect,connect__0041_02,connect__0041_02,Optimal,284007,64990.0,Optimal,168574,64990.0,115433,115.43,0.3717,0.6283
svc-ek1,2020,whirlpool,whirlpool-x,d21,Unsat,438475,,Unsat,367098,,71377,71.38,0.4559,0.5441
svc-ek1,2020,whirlpool,whirlpool-x,d12,Optimal,67159,,Optimal,30891,,36268,36.27,0.3093,0.6907
svc-ek1,2021,monomatch,monomatch,data_n_3_percentage_0.97,Unsat,122018,,Unsat,86295,,35723,35.72,0.4135,0.5865
svc-k1,2020,pillars-and-planks,pillars-planks-solution,p-d2,Unsat,343483,,Unsat,309920,,33563,33.56,0.4739,0.5261
svc-ek1,2022,generalized-peacable-queens,peaceable_queens,n9_q5,Optimal,141437,2.0,Optimal,110805,2.0,30632,30.63,0.4382,0.5618
svc-k1,2020,racp,racp,j60_10_6_1.25,Optimal,130943,644.0,Optimal,100685,644.0,30258,30.26,0.4348,0.5652
svc-ek1,2021,connect,connect__0083_02,connect__0083_02,Optimal,156975,124860.0,Optimal,128555,124860.0,28420,28.42,0.4507,0.5493
svc-ek1,2021,opt-cryptoanalysis,mznc2017_aes_opt,r13,Optimal,46018,56.0,Optimal,19435,56.0,26583,26.58,0.2923,0.7077
svc-ek1,2021,ATSP,atsp,instance19_0p35,Optimal,76238,1474216.0,Optimal,49939,1474216.0,26299,26.3,0.392,0.608
svc-k1,2020,bnn-planner,sysadmin_5_4s,sysadmin_5_4s,Optimal,172922,3.0,Optimal,147695,3.0,25227,25.23,0.4608,0.5392
svc-ek1,2020,racp,racp,j60_10_6_1.25,Optimal,121576,644.0,Optimal,100685,644.0,20891,20.89,0.4525,0.5475
svc-ek1,2020,gbac,gbac,reduced_UD5-gbac,Optimal,79956,1374.0,Optimal,59070,1374.0,20886,20.89,0.4275,0.5725
svc-ek1,2022,generalized-peacable-queens,peaceable_queens,n8_q3,Optimal,58821,4.0,Optimal,39353,4.0,19468,19.47,0.4021,0.5979
svc-ek1,2021,connect,connect__0061,connect__0061,Optimal,719665,111130.0,Optimal,700723,111130.0,18942,18.94,0.4933,0.5067
svc-k1,2021,ATSP,atsp,instance19_0p35,Optimal,68724,1474216.0,Optimal,49939,1474216.0,18785,18.79,0.4188,0.5812
svc-ek1,2021,p1f-pjs,p1f-pjs,12,Optimal,33629,484.0,Optimal,14952,484.0,18677,18.68,0.2979,0.7021
svc-k1,2020,cable_tree_wiring,ctw,R189,Optimal,49365,18137625.0,Optimal,32122,18137625.0,17243,17.24,0.3951,0.6049
svc-ek1,2020,skill-allocation,skill_allocation_only,skill_allocation_mzn_2m_3,Optimal,66158,3.0,Optimal,52698,3.0,13460,13.46,0.4407,0.5593
svc-ek1,2022,ma-path-finding,mapf,ins_g16_p10_a20,Optimal,48523,240.0,Optimal,36434,240.0,12089,12.09,0.4286,0.5714
svc-k1,2020,whirlpool,whirlpool-x,d12,Optimal,42972,,Optimal,30891,,12081,12.08,0.4167,0.5833
svc-ek1,2021,connect,connect__0018,connect__0018,Optimal,40086,52490.0,Optimal,29119,52490.0,10967,10.97,0.4203,0.5797
svc-ek1,2020,lot-sizing,lot_sizing_cp,pigment15c.psp,Optimal,15983,1370.0,Optimal,5759,1370.0,10224,10.22,0.25,0.75
svc-ek1,2022,vaccine,vaccine,v8,Optimal,100946,99.0,Optimal,91727,99.0,9219,9.22,0.4764,0.5236
svc-k1,2021,java-routing,trip_8_2,trip_8_2,Optimal,16901,73.0,Optimal,7721,73.0,9180,9.18,0.3043,0.6957
svc-ek1,2022,vaccine,vaccine,v7,Optimal,23016,45.0,Optimal,13950,45.0,9066,9.07,0.3611,0.6389
svc-ek1,2021,peacable_queens,peaceable_queens_mznc2021,8,Optimal,306734,9.0,Optimal,297713,9.0,9021,9.02,0.4925,0.5075
svc-k1,2022,ma-path-finding,mapf,ins_g16_p10_a20,Optimal,45344,240.0,Optimal,36434,240.0,8910,8.91,0.4444,0.5556
svc-ek1,2020,pillars-and-planks,pillars-planks-solution,p-d10,Optimal,30209,7.0,Optimal,21399,7.0,8810,8.81,0.4118,0.5882
svc-ek1,2021,physician-scheduling,physician-scheduling,instance13-duplicated_0.56,Optimal,22873,3475.0,Optimal,14574,3475.0,8299,8.3,0.3889,0.6111
svc-ek1,2022,wordpress,wordpress,Wordpress10_Offers500,Optimal,24872,3232.0,Optimal,17088,3232.0,7784,7.78,0.4146,0.5854
svc-ek1,2020,pillars-and-planks,pillars-planks-solution,p-d2,Unsat,317551,,Unsat,309920,,7631,7.63,0.4936,0.5064
svc-k1,2020,lot-sizing,lot_sizing_cp,pigment15c.psp,Optimal,13297,1370.0,Optimal,5759,1370.0,7538,7.54,0.2778,0.7222
svc-ek1,2020,gbac,gbac,reduced_UD2-gbac,Optimal,20516,401.0,Optimal,13115,401.0,7401,7.4,0.3939,0.6061
svc-ek1,2021,java-routing,trip_8_2,trip_8_2,Optimal,14373,73.0,Optimal,7721,73.0,6652,6.65,0.3333,0.6667
svc-k1,2021,opt-cryptoanalysis,mznc2017_aes_opt,r13,Optimal,26064,56.0,Optimal,19435,56.0,6629,6.63,0.4222,0.5778
svc-ek1,2021,java-routing,trip_8_3,trip_8_3,Optimal,13060,60.0,Optimal,7258,60.0,5802,5.8,0.35,0.65
svc-k1,2021,community-detection,community-detection,rnd_n100_e50_s50_d30_c9_p30,Optimal,8726,2963.0,Optimal,3613,2963.0,5113,5.11,0.2727,0.7273
svc-k1,2021,mapping,mapping,mesh_star_mpeg,Optimal,9814,515.0,Optimal,4952,515.0,4862,4.86,0.3077,0.6923
svc-ek1,2020,cable_tree_wiring,ctw,A073,Optimal,87059,225905728.0,Optimal,82229,225905728.0,4830,4.83,0.4852,0.5148
svc-ek1,2021,mapping,mapping,ring_3,Optimal,10282,162.0,Optimal,5490,162.0,4792,4.79,0.3333,0.6667
svc-k1,2021,monomatch,monomatch,data_n_6_percentage_0.5,Optimal,8771,,Optimal,4367,,4404,4.4,0.3333,0.6667
svc-ek1,2021,monomatch,monomatch,data_n_6_percentage_0.5,Optimal,8653,,Optimal,4367,,4286,4.29,0.3333,0.6667
svc-ek1,2021,community-detection,community-detection,rnd_n50_e2500_s10_d5_c4_p90,Optimal,7477,184397.0,Optimal,3290,184397.0,4187,4.19,0.3,0.7
svc-k1,2021,java-routing,trip_8_3,trip_8_3,Optimal,11396,60.0,Optimal,7258,60.0,4138,4.14,0.3889,0.6111
svc-ek1,2021,community-detection,community-detection,rnd_n100_e1000_s50_d30_c6_p70,Optimal,10036,966255.0,Optimal,6031,966255.0,4005,4.0,0.375,0.625
svc-ek1,2020,cable_tree_wiring,ctw,R196,Optimal,72573,14679739.0,Optimal,68916,14679739.0,3657,3.66,0.4857,0.5143
svc-k1,2022,vaccine,vaccine,v7,Optimal,17601,45.0,Optimal,13950,45.0,3651,3.65,0.4333,0.5667
svc-ek1,2021,community-detection,community-detection,rnd_n100_e50_s50_d30_c9_p30,Optimal,7084,2963.0,Optimal,3613,2963.0,3471,3.47,0.3,0.7
svc-ek1,2021,java-routing,trip_7_4,trip_7_4,Optimal,5772,47.0,Optimal,2370,47.0,3402,3.4,0.2857,0.7143
svc-ek1,2021,community-detection,community-detection,rnd_n100_e50_s10_d5_c10_p30,Optimal,6087,3479.0,Optimal,2826,3479.0,3261,3.26,0.25,0.75
svc-k1,2021,neighbours,neighbours-rect,neightbours-new-20,Optimal,5772,93.0,Optimal,2515,93.0,3257,3.26,0.2857,0.7143
svc-k1,2021,community-detection,community-detection,rnd_n100_e50_s10_d5_c10_p30,Optimal,6027,3479.0,Optimal,2826,3479.0,3201,3.2,0.25,0.75
svc-k1,2021,community-detection,community-detection,rnd_n100_e1000_s50_d30_c6_p70,Optimal,9228,966255.0,Optimal,6031,966255.0,3197,3.2,0.4,0.6
svc-k1,2021,community-detection,community-detection,rnd_n50_e2500_s10_d5_c4_p90,Optimal,6437,184397.0,Optimal,3290,184397.0,3147,3.15,0.3333,0.6667
svc-ek1,2021,neighbours,neighbours-rect,neightbours-new-20,Optimal,5652,93.0,Optimal,2515,93.0,3137,3.14,0.2857,0.7143
svc-ek1,2021,java-routing,trip_7_5,trip_7_5,Optimal,5882,53.0,Optimal,2802,53.0,3080,3.08,0.2857,0.7143
svc-ek1,2021,mapping,mapping,mesh_star_mpeg,Optimal,8023,515.0,Optimal,4952,515.0,3071,3.07,0.3333,0.6667
svc-ek1,2021,flowshop-workers,flowshop-workers,ex4,Optimal,8213,3420.0,Optimal,5258,3420.0,2955,2.96,0.3846,0.6154
svc-k1,2021,mapping,mapping,ring_3,Optimal,8426,162.0,Optimal,5490,162.0,2936,2.94,0.3846,0.6154
svc-ek1,2020,whirlpool,whirlpool-x,d8,Optimal,10866,,Optimal,7977,,2889,2.89,0.4118,0.5882
svc-ek1,2021,java-routing,trip_6_2,trip_6_2,Optimal,4153,67.0,Optimal,1613,67.0,2540,2.54,0.2,0.8
svc-ek1,2022,gfd-schedule,gfd-schedule2,n200f5d50m40k6_10124,Optimal,12496,18.0,Optimal,9958,18.0,2538,2.54,0.4286,0.5714
svc-ek1,2020,cable_tree_wiring,ctw,R189,Optimal,34628,18137625.0,Optimal,32122,18137625.0,2506,2.51,0.4848,0.5152
svc-k1,2021,java-routing,trip_7_4,trip_7_4,Optimal,4797,47.0,Optimal,2370,47.0,2427,2.43,0.3333,0.6667
svc-ek1,2020,pillars-and-planks,pillars-planks-solution,p-d7,Optimal,11253,7.0,Optimal,8869,7.0,2384,2.38,0.4211,0.5789
svc-ek1,2020,lot-sizing,lot_sizing_cp,pigment15b.psp,Optimal,5561,1123.0,Optimal,3242,1123.0,2319,2.32,0.375,0.625
svc-ek1,2021,monomatch,monomatch,data_n_5_percentage_0.5,Optimal,3934,,Optimal,1649,,2285,2.29,0.25,0.75
svc-k1,2021,monomatch,monomatch,data_n_5_percentage_0.5,Optimal,3820,,Optimal,1649,,2171,2.17,0.25,0.75
svc-ek1,2022,gfd-schedule,gfd-schedule2,n180f7d50m30k18_10124,Optimal,9001,45.0,Optimal,6838,45.0,2163,2.16,0.4,0.6
svc-ek1,2021,mapping,mapping,mesh4x4_2,Optimal,4467,1044.0,Optimal,2331,1044.0,2136,2.14,0.3333,0.6667
svc-ek1,2022,spot5,spot5,1405,Optimal,7538,459415.0,Optimal,5416,459415.0,2122,2.12,0.4167,0.5833
svc-ek1,2022,wordpress,wordpress,Wordpress7_Offers500,Optimal,9121,2022.0,Optimal,7016,2022.0,2105,2.1,0.4375,0.5625
svc-ek1,2021,mapping,mapping,mesh2x2_2,Optimal,2805,970.0,Optimal,706,970.0,2099,2.1,0.0,1.0
svc-ek1,2022,vaccine,vaccine,v946,Optimal,10310,85.0,Optimal,8231,85.0,2079,2.08,0.4444,0.5556
svc-k1,2021,mapping,mapping,mesh4x4_2,Optimal,4406,1044.0,Optimal,2331,1044.0,2075,2.08,0.3333,0.6667
svc-k1,2021,java-routing,trip_6_2,trip_6_2,Optimal,3655,67.0,Optimal,1613,67.0,2042,2.04,0.25,0.75
svc-k1,2021,flowshop-workers,flowshop-workers,ex4,Optimal,7228,3420.0,Optimal,5258,3420.0,1970,1.97,0.4167,0.5833
svc-ek1,2021,mapping,mapping,mesh3x3_4,Optimal,2971,1133.0,Optimal,1004,1133.0,1967,1.97,0.3333,0.6667
svc-k1,2022,gfd-schedule,gfd-schedule2,n180f7d50m30k18_10124,Optimal,8801,45.0,Optimal,6838,45.0,1963,1.96,0.4286,0.5714
svc-ek1,2022,wordpress,wordpress,Wordpress8_Offers500,Optimal,14220,2674.0,Optimal,12301,2674.0,1919,1.92,0.4615,0.5385
svc-ek1,2021,opt-cryptoanalysis,mznc2017_aes_opt,r4,Optimal,2861,12.0,Optimal,961,12.0,1900,1.9,0.0,1.0
svc-k1,2021,mapping,mapping,mesh3x3_4,Optimal,2853,1133.0,Optimal,1004,1133.0,1849,1.85,0.3333,0.6667
svc-k1,2021,mapping,mapping,mesh2x2_2,Optimal,2523,970.0,Optimal,706,970.0,1817,1.82,0.0,1.0
svc-ek1,2020,racp,racp,j60_48_9_1.0,Optimal,10806,721.0,Optimal,9249,721.0,1557,1.56,0.4737,0.5263
svc-ek1,2021,opt-cryptoanalysis,mznc2017_aes_opt,r2,Optimal,2250,4.0,Optimal,757,4.0,1493,1.49,0.0,1.0
svc-ek1,2021,opt-cryptoanalysis,mznc2017_aes_opt,r3,Optimal,2256,8.0,Optimal,791,8.0,1465,1.47,0.0,1.0
svc-ek1,2022,accap,accap,accap_a12_f100_t60,Optimal,7939,127.0,Optimal,6511,127.0,1428,1.43,0.4615,0.5385
svc-k1,2021,java-routing,trip_7_5,trip_7_5,Optimal,4230,53.0,Optimal,2802,53.0,1428,1.43,0.3333,0.6667
svc-k1,2021,community-detection,community-detection,rnd_n100_e5000_s500_d300_c4_p50,Optimal,2876,2484055.0,Optimal,1541,2484055.0,1335,1.33,0.3333,0.6667
svc-k1,2022,spot5,spot5,1405,Optimal,6734,459415.0,Optimal,5416,459415.0,1318,1.32,0.4545,0.5455
svc-ek1,2021,community-detection,community-detection,rnd_n100_e5000_s500_d300_c4_p50,Optimal,2830,2484055.0,Optimal,1541,2484055.0,1289,1.29,0.3333,0.6667
svc-ek1,2021,perfect_square,perfect_square,205,Optimal,11773,,Optimal,10497,,1276,1.28,0.4762,0.5238
svc-ek1,2022,gfd-schedule,gfd-schedule2,n60f7d50m30k10_10124,Optimal,2321,20.0,Optimal,1053,20.0,1268,1.27,0.3333,0.6667
svc-ek1,2021,opt-cryptoanalysis,mznc2017_aes_opt,r1,Optimal,1871,2.0,Optimal,673,2.0,1198,1.2,0.0,1.0
svc-ek1,2021,carpet-cutting,cc_base,mzn_rnd_test.03,Optimal,2127,991.0,Optimal,939,991.0,1188,1.19,0.0,1.0
svc-ek1,2021,perfect_square,perfect_square,57,Optimal,16405,,Optimal,15223,,1182,1.18,0.4839,0.5161
svc-k1,2021,opt-cryptoanalysis,mznc2017_aes_opt,r1,Optimal,1816,2.0,Optimal,673,2.0,1143,1.14,0.0,1.0
svc-k1,2021,opt-cryptoanalysis,mznc2017_aes_opt,r3,Optimal,1919,8.0,Optimal,791,8.0,1128,1.13,0.0,1.0
svc-ek1,2021,carpet-cutting,cc_base,mzn_rnd_test.12,Optimal,1949,621.0,Optimal,869,621.0,1080,1.08,0.0,1.0
svc-k1,2021,physician-scheduling,physician-scheduling,instance13-duplicated_0.56,Optimal,15612,3475.0,Optimal,14574,3475.0,1038,1.04,0.4828,0.5172
svc-ek1,2021,carpet-cutting,cc_base,mzn_rnd_test.01,Optimal,1818,621.0,Optimal,788,621.0,1030,1.03,0.0,1.0
svc-ek1,2021,perfect_square,perfect_square,195,Optimal,13334,,Optimal,12336,,998,1.0,0.48,0.52
svc-k1,2021,carpet-cutting,cc_base,mzn_rnd_test.12,Optimal,1805,621.0,Optimal,869,621.0,936,0.94,0.0,1.0
svc-ek1,2022,gfd-schedule,gfd-schedule2,n55f2d50m30k3_10124,Optimal,1719,9.0,Optimal,819,9.0,900,0.9,0.0,1.0
svc-ek1,2022,gfd-schedule,gfd-schedule2,n85f3d50m8k20_10124,Optimal,2280,138.0,Optimal,1391,138.0,889,0.89,0.3333,0.6667
svc-ek1,2021,flowshop-workers,flowshop-workers,5stat_ex3,Optimal,2010,2751.0,Optimal,1125,2751.0,885,0.89,0.3333,0.6667
svc-ek1,2021,flowshop-workers,flowshop-workers,5stat_ex6,Optimal,2197,3201.0,Optimal,1328,3201.0,869,0.87,0.3333,0.6667
svc-ek1,2022,yumi-static,yumi-static,example_instance_4_GS_SG_yumi_grid_setup_7_7,Optimal,13435,482.0,Optimal,12575,482.0,860,0.86,0.48,0.52
svc-k1,2021,carpet-cutting,cc_base,mzn_rnd_test.01,Optimal,1647,621.0,Optimal,788,621.0,859,0.86,0.0,1.0
svc-k1,2021,flowshop-workers,flowshop-workers,5stat_ex6,Optimal,2186,3201.0,Optimal,1328,3201.0,858,0.86,0.3333,0.6667
svc-ek1,2022,yumi-static,yumi-static,p_4_GS_SG_yumi_grid_setup_3_3,Optimal,6743,557.0,Optimal,5924,557.0,819,0.82,0.4545,0.5455
svc-k1,2020,lot-sizing,lot_sizing_cp,pigment30c.psp,Optimal,33053,1707.0,Optimal,32241,1707.0,812,0.81,0.4923,0.5077
svc-ek1,2021,perfect_square,perfect_square,92,Optimal,5985,,Optimal,5184,,801,0.8,0.5,0.5
svc-k1,2021,carpet-cutting,cc_base,mzn_rnd_test.03,Optimal,1721,991.0,Optimal,939,991.0,782,0.78,0.0,1.0
svc-k1,2021,opt-cryptoanalysis,mznc2017_aes_opt,r2,Optimal,1539,4.0,Optimal,757,4.0,782,0.78,0.0,1.0
svc-ek1,2021,connect,connect__0086_02,connect__0086_02,Optimal,1622,224674.0,Optimal,859,224674.0,763,0.76,0.0,1.0
svc-k1,2021,opt-cryptoanalysis,mznc2017_aes_opt,r4,Optimal,1702,12.0,Optimal,961,12.0,741,0.74,0.0,1.0
svc-k1,2022,gfd-schedule,gfd-schedule2,n85f3d50m8k20_10124,Optimal,2122,138.0,Optimal,1391,138.0,731,0.73,0.3333,0.6667
svc-ek1,2020,soccer-computational,ecp,xIGData_28_23_16_1,Optimal,2791,,Optimal,2084,,707,0.71,0.5,0.5
svc-ek1,2020,hoist-benchmark,hoist-benchmark,PU_3_4_1,Optimal,4763,428.0,Optimal,4076,428.0,687,0.69,0.5,0.5
svc-k1,2022,gfd-schedule,gfd-schedule2,n60f7d50m30k10_10124,Optimal,1738,20.0,Optimal,1053,20.0,685,0.69,0.5,0.5
svc-ek1,2020,skill-allocation,skill_allocation_only,skill_allocation_mzn_3m_3,Optimal,25238,2.0,Optimal,24583,2.0,655,0.66,0.4898,0.5102
svc-k1,2020,racp,racp,j60_13_4_1.0,Optimal,2222,938.0,Optimal,1581,938.0,641,0.64,0.3333,0.6667
svc-k1,2021,neighbours,neighbours-rect,neightbours-new-19,Optimal,987,39.0,Optimal,396,39.0,591,0.59,0.5,0.5
svc-ek1,2021,ATSP,atsp,instance5_0p15,Optimal,978,685043.0,Optimal,438,685043.0,540,0.54,0.5,0.5
svc-k1,2020,cable_tree_wiring,ctw,A031,Optimal,1335,24104.0,Optimal,801,24104.0,534,0.53,0.0,1.0
svc-k1,2021,ATSP,atsp,instance5_0p15,Optimal,957,685043.0,Optimal,438,685043.0,519,0.52,0.5,0.5
svc-k1,2022,gfd-schedule,gfd-schedule2,n55f2d50m30k3_10124,Optimal,1332,9.0,Optimal,819,9.0,513,0.51,0.0,1.0
svc-ek1,2021,neighbours,neighbours-rect,neightbours-new-19,Optimal,862,39.0,Optimal,396,39.0,466,0.47,0.5,0.5
svc-ek1,2021,physician-scheduling,physician-scheduling,instance10-duplicated_0.23,Optimal,3151,2980.0,Optimal,2695,2980.0,456,0.46,0.4,0.6
svc-ek1,2021,ATSP,atsp,instance10_0p25,Optimal,1183,3711320.0,Optimal,751,3711320.0,432,0.43,0.0,1.0
svc-k1,2020,lot-sizing,lot_sizing_cp,pigment15b.psp,Optimal,3649,1123.0,Optimal,3242,1123.0,407,0.41,0.5,0.5
svc-k1,2021,ATSP,atsp,instance10_0p25,Optimal,1152,3711320.0,Optimal,751,3711320.0,401,0.4,0.0,1.0
svc-ek1,2021,physician-scheduling,physician-scheduling,instance03_0.34,Optimal,1782,1505.0,Optimal,1391,1505.0,391,0.39,0.5,0.5
svc-ek1,2020,skill-allocation,skill_allocation_only,skill_allocation_mzn_2m_1,Optimal,14847,2.0,Optimal,14503,2.0,344,0.34,0.5,0.5
svc-k1,2021,flowshop-workers,flowshop-workers,5stat_ex3,Optimal,1441,2751.0,Optimal,1125,2751.0,316,0.32,0.5,0.5
svc-k1,2021,perfect_square,perfect_square,102,Optimal,5673,,Optimal,5361,,312,0.31,0.5,0.5
svc-ek1,2020,stable-goods,stable-goods-solution,s-d16,Optimal,3109,18766.0,Optimal,2801,18766.0,308,0.31,0.4,0.6
svc-k1,2022,arithmetic-target,model,4108_with_1_2_2_3_3_5_6_6_7_8_9,Optimal,4437,7.0,Optimal,4136,7.0,301,0.3,0.5,0.5
svc-ek1,2020,pillars-and-planks,pillars-planks-solution,p-d12,Optimal,1019,5.0,Optimal,748,5.0,271,0.27,0.0,1.0
svc-k1,2022,yumi-static,yumi-static,p_4_GS_SG_yumi_grid_setup_3_3,Optimal,6190,557.0,Optimal,5924,557.0,266,0.27,0.4545,0.5455
svc-k1,2020,soccer-computational,ecp,xIGData_22_12_22_5,Optimal,913,,Optimal,671,,242,0.24,0.5,0.5
svc-ek1,2020,cable_tree_wiring,ctw,A031,Optimal,1037,24104.0,Optimal,801,24104.0,236,0.24,0.0,1.0
svc-k1,2020,skill-allocation,skill_allocation_only,skill_allocation_mzn_2m_1,Optimal,14715,2.0,Optimal,14503,2.0,212,0.21,0.5,0.5
svc-k1,2022,diameterc-mst,dcmst,c_v15_a105_d9,Optimal,821,290.0,Optimal,624,290.0,197,0.2,0.5,0.5
svc-k1,2021,physician-scheduling,physician-scheduling,instance03_0.34,Optimal,1581,1505.0,Optimal,1391,1505.0,190,0.19,0.5,0.5
svc-k1,2020,skill-allocation,skill_allocation_only,skill_allocation_mzn_3m_3,Optimal,24768,2.0,Optimal,24583,2.0,185,0.18,0.5,0.5
svc-ek1,2020,sdn-chain,model,d10n780-2,Optimal,1591,22.0,Optimal,1409,22.0,182,0.18,0.5,0.5
svc-k1,2020,skill-allocation,skill_allocation_only,skill_allocation_mzn_1m_1,Optimal,6474,2.0,Optimal,6296,2.0,178,0.18,0.5,0.5
svc-ek1,2021,perfect_square,perfect_square,102,Optimal,5538,,Optimal,5361,,177,0.18,0.5,0.5
svc-ek1,2020,hoist-benchmark,hoist-benchmark,PU_2_8_1,Optimal,1088,269.0,Optimal,912,269.0,176,0.18,0.0,1.0
svc-k1,2022,sudoku_opt,sudoku_opt,sudoku_p23,Optimal,3261,-227.0,Optimal,3085,-227.0,176,0.18,0.5,0.5
svc-k1,2020,stable-goods,stable-goods-solution,s-d16,Optimal,2970,18766.0,Optimal,2801,18766.0,169,0.17,0.5,0.5
svc-ek1,2020,sdn-chain,model,d10n780-1,Optimal,1531,10.0,Optimal,1363,10.0,168,0.17,0.5,0.5
svc-k1,2021,steiner-systems,steiner-systems,steiner_t6_k6_N7,Optimal,449,,Optimal,285,,164,0.16,0.5,0.5
svc-k1,2020,sdn-chain,model,d10n780-1,Optimal,1526,10.0,Optimal,1363,10.0,163,0.16,0.5,0.5
svc-ek1,2022,diameterc-mst,dcmst,c_v15_a105_d9,Optimal,783,290.0,Optimal,624,290.0,159,0.16,0.5,0.5
svc-ek1,2022,spot5,spot5,1506,Optimal,3716,354517.0,Optimal,3557,354517.0,159,0.16,0.5,0.5
svc-ek1,2022,spot5,spot5,509,Optimal,1629,36446.0,Optimal,1472,36446.0,157,0.16,0.5,0.5
svc-ek1,2020,hoist-benchmark,hoist-benchmark,PU_1_2_2,Optimal,1019,221.0,Optimal,863,221.0,156,0.16,0.0,1.0
svc-k1,2020,sdn-chain,model,d10n780-2,Optimal,1562,22.0,Optimal,1409,22.0,153,0.15,0.5,0.5
svc-ek1,2020,soccer-computational,ecp,xIGData_28_22_7_4,Optimal,963,,Optimal,821,,142,0.14,0.5,0.5
svc-ek1,2022,nfc,nfc,30_5_6,Optimal,465,2410.0,Optimal,330,2410.0,135,0.14,0.5,0.5
svc-k1,2022,gfd-schedule,gfd-schedule2,n200f5d50m40k6_10124,Optimal,10093,18.0,Optimal,9958,18.0,135,0.14,0.4737,0.5263
svc-ek1,2020,racp,racp,j60_13_4_1.0,Optimal,1708,938.0,Optimal,1581,938.0,127,0.13,0.5,0.5
svc-ek1,2022,nfc,nfc,30_5_12,Optimal,476,2220.0,Optimal,349,2220.0,127,0.13,0.5,0.5
svc-ek1,2020,bnn-planner,inventory_4_8s,inventory_4_8s,Optimal,1730,17.0,Optimal,1607,17.0,123,0.12,0.5,0.5
svc-k1,2020,pillars-and-planks,pillars-planks-solution,p-d12,Optimal,862,5.0,Optimal,748,5.0,114,0.11,0.5,0.5
svc-k1,2020,bnn-planner,inventory_4_8s,inventory_4_8s,Optimal,1720,17.0,Optimal,1607,17.0,113,0.11,0.5,0.5
svc-ek1,2020,soccer-computational,ecp,xIGData_24_24_16_1,Optimal,763,,Optimal,652,,111,0.11,0.5,0.5
svc-ek1,2020,hoist-benchmark,hoist-benchmark,PU_3_8_5,Optimal,2473,400.0,Optimal,2366,400.0,107,0.11,0.5,0.5
svc-k1,2020,soccer-computational,ecp,xIGData_24_24_16_1,Optimal,756,,Optimal,652,,104,0.1,0.5,0.5
svc-k1,2020,radiation,radiation,i8-9,Optimal,407,917.0,Optimal,305,917.0,102,0.1,0.5,0.5
svc-ek1,2022,nfc,nfc,24_4_2,Optimal,453,1836.0,Optimal,355,1836.0,98,0.1,0.5,0.5
svc-ek1,2020,sdn-chain,model,d30n600-5,Optimal,6111,23.0,Optimal,6015,23.0,96,0.1,0.5,0.5
svc-k1,2020,hoist-benchmark,hoist-benchmark,PU_1_2_2,Optimal,959,221.0,Optimal,863,221.0,96,0.1,0.5,0.5
svc-k1,2020,lot-sizing,lot_sizing_cp,pigment20b.psp,Optimal,2707,2101.0,Optimal,2611,2101.0,96,0.1,0.5,0.5
svc-ek1,2021,steiner-systems,steiner-systems,steiner_t3_k4_N8,Optimal,467,,Optimal,376,,91,0.09,0.5,0.5
svc-ek1,2021,steiner-systems,steiner-systems,steiner_t6_k6_N7,Optimal,375,,Optimal,285,,90,0.09,0.5,0.5
svc-ek1,2020,soccer-computational,ecp,xIGData_22_12_22_5,Optimal,760,,Optimal,671,,89,0.09,0.5,0.5
svc-k1,2020,radiation,radiation,i9-21,Optimal,565,2634.0,Optimal,479,2634.0,86,0.09,0.5,0.5
svc-ek1,2021,flowshop-workers,flowshop-workers,real_ex2,Satisfied,1200090,1711.0,Satisfied,1200005,1710.0,85,0.09,0.0,1.0
svc-ek1,2022,spot5,spot5,404,Optimal,458,114.0,Optimal,374,114.0,84,0.08,0.5,0.5
svc-k1,2020,hoist-benchmark,hoist-benchmark,PU_3_4_1,Optimal,4160,428.0,Optimal,4076,428.0,84,0.08,0.5,0.5
svc-ek1,2020,radiation,radiation,i8-9,Optimal,386,917.0,Optimal,305,917.0,81,0.08,0.5,0.5
svc-ek1,2021,ATSP,atsp,instance16_0p35,Satisfied,1200086,2555069.0,Satisfied,1200005,2537546.0,81,0.08,0.0,1.0
svc-ek1,2022,rotating-workforce-scheduling,rotating-workforce-scheduling,rws-instance-e-25-s-7,Optimal,1593,,Optimal,1513,,80,0.08,0.5,0.5
svc-ek1,2021,wmsmc-int,multisetcover,batch_1_case_426_instance_3_base_full_elements_3_sumreqs_117_candidates_59,Optimal,400,181103.0,Optimal,322,181103.0,78,0.08,0.5,0.5
svc-k1,2022,team-assignment,model,data1_4_6,Optimal,751,2948.0,Optimal,673,2948.0,78,0.08,0.5,0.5
svc-ek1,2020,radiation,radiation,i9-21,Optimal,556,2634.0,Optimal,479,2634.0,77,0.08,0.5,0.5
svc-ek1,2021,peacable_queens,peaceable_queens_mznc2021,40,Satisfied,1200078,203.0,Satisfied,1200004,183.0,74,0.07,1.0,0.0
svc-k1,2021,flowshop-workers,flowshop-workers,real_ex2,Satisfied,1200079,1711.0,Satisfied,1200005,1710.0,74,0.07,0.0,1.0
svc-ek1,2020,soccer-computational,ecp,xIGData_30_25_15_4,Optimal,1070,,Optimal,998,,72,0.07,0.0,1.0
svc-k1,2021,ATSP,atsp,instance16_0p35,Satisfied,1200076,2552069.0,Satisfied,1200005,2537546.0,71,0.07,0.0,1.0
svc-ek1,2021,seat-moving,seat-moving,sm-10-13-00,Optimal,672,223.0,Optimal,602,223.0,70,0.07,0.5,0.5
svc-k1,2021,physician-scheduling,physician-scheduling,instance17_oneweek_real,Satisfied,1200073,1795.0,Satisfied,1200004,1795.0,69,0.07,0.5,0.5
svc-ek1,2020,radiation,radiation,i7-21,Optimal,463,1108.0,Optimal,395,1108.0,68,0.07,0.5,0.5
svc-ek1,2020,radiation,radiation,i8-40,Optimal,855,4040.0,Optimal,788,4040.0,67,0.07,0.5,0.5
svc-ek1,2021,flowshop-workers,flowshop-workers,8s_ex3,Satisfied,1200072,2371.0,Satisfied,1200005,2371.0,67,0.07,0.5,0.5
svc-ek1,2021,ATSP,atsp,instance9_0p25,Satisfied,1200072,1174725.0,Satisfied,1200006,1171856.0,66,0.07,0.0,1.0
svc-k1,2021,peacable_queens,peaceable_queens_mznc2021,25,Satisfied,1200067,85.0,Satisfied,1200004,82.0,63,0.06,1.0,0.0
svc-ek1,2020,p1f-pjs,p1f-pjs,10,Optimal,1132,300.0,Optimal,1072,300.0,60,0.06,0.5,0.5
svc-k1,2021,physician-scheduling,physician-scheduling,instance18_real,Satisfied,1200064,1880.0,Satisfied,1200004,1880.0,60,0.06,0.5,0.5
svc-k1,2021,ATSP,atsp,instance9_0p25,Satisfied,1200063,1171856.0,Satisfied,1200006,1171856.0,57,0.06,0.5,0.5
svc-k1,2021,neighbours,neighbours-rect,neightbours-new-17,Satisfied,1200063,1048.0,Satisfied,1200006,1049.0,57,0.06,0.0,1.0
svc-ek1,2022,traveling-tppv,ttppv,circ14cnonbal,Satisfied,1200062,414.0,Satisfied,1200006,412.0,56,0.06,0.0,1.0
svc-ek1,2020,stable-goods,stable-goods-solution,s-d19,Satisfied,1200060,8287.0,Satisfied,1200005,8352.0,55,0.06,0.0,1.0
svc-k1,2021,flowshop-workers,flowshop-workers,8s_ex3,Satisfied,1200060,2371.0,Satisfied,1200005,2371.0,55,0.06,0.5,0.5
svc-k1,2020,soccer-computational,ecp,xIGData_28_22_7_4,Optimal,875,,Optimal,821,,54,0.05,0.5,0.5
svc-k1,2020,racp,racp,j30_26_2_1.0,Optimal,465,704.0,Optimal,412,704.0,53,0.05,0.5,0.5
svc-k1,2022,spot5,spot5,507,Optimal,1187,27390.0,Optimal,1137,27390.0,50,0.05,0.5,0.5
svc-ek1,2021,physician-scheduling,physician-scheduling,instance18_real,Satisfied,1200053,1880.0,Satisfied,1200004,1880.0,49,0.05,0.5,0.5
svc-ek1,2021,wmsmc-int,multisetcover,batch_2_case_710_instance_4_base_subset_elements_6_sumreqs_161_candidates_70,Optimal,348,135257.0,Optimal,300,135257.0,48,0.05,0.5,0.5
svc-k1,2020,radiation,radiation,i7-21,Optimal,443,1108.0,Optimal,395,1108.0,48,0.05,0.5,0.5
svc-k1,2022,sudoku_opt,sudoku_opt,sudoku_p90,Optimal,907,-55.0,Optimal,859,-55.0,48,0.05,0.5,0.5
svc-ek1,2022,generalized-peacable-queens,peaceable_queens,n13_q5,Satisfied,1200050,4.0,Satisfied,1200006,4.0,44,0.04,0.5,0.5
svc-ek1,2022,roster-sickness,bool-model-sickness,small-4,Optimal,1322,14457.0,Optimal,1279,14457.0,43,0.04,0.5,0.5
svc-k1,2020,p1f-pjs,p1f-pjs,10,Optimal,1114,300.0,Optimal,1072,300.0,42,0.04,0.5,0.5
svc-k1,2021,perfect_square,perfect_square,57,Optimal,15265,,Optimal,15223,,42,0.04,0.5,0.5
svc-k1,2021,wmsmc-int,multisetcover,batch_2_case_710_instance_4_base_subset_elements_6_sumreqs_161_candidates_70,Optimal,342,135257.0,Optimal,300,135257.0,42,0.04,0.5,0.5
svc-ek1,2021,neighbours,neighbours-rect,neightbours-new-17,Satisfied,1200046,1042.0,Satisfied,1200006,1049.0,40,0.04,0.0,1.0
svc-k1,2021,wmsmc-int,multisetcover,batch_0_case_115_instance_1_base_full_elements_3_sumreqs_702_candidates_86,Optimal,583,216660.0,Optimal,543,216660.0,40,0.04,0.5,0.5
svc-ek1,2020,racp,racp,j30_26_2_1.0,Optimal,451,704.0,Optimal,412,704.0,39,0.04,0.5,0.5
svc-ek1,2021,peacable_queens,peaceable_queens_mznc2021,11,Satisfied,1200044,17.0,Satisfied,1200005,17.0,39,0.04,0.5,0.5
svc-k1,2021,vrp-submission,cvrptw_w_reload,A_4v_22l,Satisfied,1200044,481.0,Satisfied,1200005,481.0,39,0.04,0.5,0.5
svc-k1,2022,stripboard,stripboard,opamp-integrator,Satisfied,1200043,96.0,Satisfied,1200005,96.0,38,0.04,0.5,0.5
svc-ek1,2022,team-assignment,model,data1_4_6,Optimal,710,2948.0,Optimal,673,2948.0,37,0.04,0.5,0.5
svc-ek1,2022,accap,accap,accap_a40_f800_t180,Satisfied,1200042,503.0,Satisfied,1200006,505.0,36,0.04,1.0,0.0
svc-ek1,2022,sudoku_opt,sudoku_opt,sudoku_p90,Optimal,894,-55.0,Optimal,859,-55.0,35,0.04,0.5,0.5
svc-ek1,2022,traveling-tppv,ttppv,circ14enonbal,Satisfied,1200041,404.0,Satisfied,1200006,406.0,35,0.04,1.0,0.0
svc-k1,2020,stable-goods,stable-goods-solution,s-d19,Satisfied,1200040,8352.0,Satisfied,1200005,8352.0,35,0.04,0.5,0.5
svc-k1,2021,seat-moving,seat-moving,sm-10-13-00,Optimal,637,223.0,Optimal,602,223.0,35,0.04,0.5,0.5
svc-k1,2021,vrp-submission,cvrptw_w_reload,D_3v_25l_w_reload,Satisfied,1200042,149.0,Satisfied,1200007,157.0,35,0.04,1.0,0.0
svc-k1,2022,accap,accap,accap_a40_f800_t180,Satisfied,1200041,510.0,Satisfied,1200006,505.0,35,0.04,0.0,1.0
svc-ek1,2022,generalized-peacable-queens,peaceable_queens,n11_q5,Satisfied,1200040,4.0,Satisfied,1200006,3.0,34,0.03,1.0,0.0
svc-k1,2021,peacable_queens,peaceable_queens_mznc2021,50,Satisfied,1200039,310.0,Satisfied,1200005,253.0,34,0.03,1.0,0.0
svc-ek1,2021,peacable_queens,peaceable_queens_mznc2021,25,Satisfied,1200037,85.0,Satisfied,1200004,82.0,33,0.03,1.0,0.0
svc-ek1,2021,physician-scheduling,physician-scheduling,instance17_oneweek_real,Satisfied,1200037,1795.0,Satisfied,1200004,1795.0,33,0.03,0.5,0.5
svc-k1,2021,wmsmc-int,multisetcover,batch_1_case_426_instance_3_base_full_elements_3_sumreqs_117_candidates_59,Optimal,355,181103.0,Optimal,322,181103.0,33,0.03,0.5,0.5
svc-k1,2022,yumi-static,yumi-static,p_8_SSSSS_SSS_yumi_grid_setup_3_4,Satisfied,1200037,1007.0,Satisfied,1200004,999.0,33,0.03,0.0,1.0
svc-ek1,2020,collaborative-construction,macc,46,Optimal,4788,6.0,Optimal,4757,6.0,31,0.03,0.5,0.5
svc-ek1,2021,vrp-submission,cvrptw_w_reload,A_4v_22l,Satisfied,1200036,481.0,Satisfied,1200005,481.0,31,0.03,0.5,0.5
svc-ek1,2021,wmsmc-int,multisetcover,batch_0_case_115_instance_0_small_subset_elements_3_sumreqs_1295_candidates_41,Optimal,525,509704.0,Optimal,494,509704.0,31,0.03,0.5,0.5
svc-k1,2021,peacable_queens,peaceable_queens_mznc2021,11,Satisfied,1200036,17.0,Satisfied,1200005,17.0,31,0.03,0.5,0.5
svc-ek1,2021,neighbours,neighbours-rect,neightbours-new-4,Satisfied,1200038,340.0,Satisfied,1200008,340.0,30,0.03,0.5,0.5
svc-ek1,2022,stripboard,stripboard,opamp-integrator,Satisfied,1200034,104.0,Satisfied,1200005,96.0,29,0.03,0.0,1.0
svc-k1,2020,hoist-benchmark,hoist-benchmark,PU_3_2_5,Satisfied,1200034,711.0,Satisfied,1200005,711.0,29,0.03,0.5,0.5
svc-k1,2020,racp,racp,j60_9_9_1.25,Satisfied,1200034,460.0,Satisfied,1200005,457.0,29,0.03,0.0,1.0
svc-ek1,2022,tower,tower,tower_500_500_50_300-01,Satisfied,1200035,223.0,Satisfied,1200007,223.0,28,0.03,0.5,0.5
svc-k1,2021,steiner-systems,steiner-systems,steiner_t3_k4_N8,Optimal,404,,Optimal,376,,28,0.03,0.5,0.5
svc-k1,2021,wmsmc-int,multisetcover,batch_0_case_253_instance_6_small_cost_elements_4_sumreqs_472_candidates_16,Optimal,351,274870.0,Optimal,323,274870.0,28,0.03,0.5,0.5
svc-k1,2021,neighbours,neighbours-rect,neightbours-new-14,Satisfied,1200032,5667.0,Satisfied,1200005,5665.0,27,0.03,1.0,0.0
svc-ek1,2020,racp,racp,j60_9_9_1.25,Satisfied,1200031,460.0,Satisfied,1200005,457.0,26,0.03,0.0,1.0
svc-ek1,2021,vrp-submission,cvrptw_w_reload,D_3v_25l_w_reload,Satisfied,1200033,155.0,Satisfied,1200007,157.0,26,0.03,1.0,0.0
svc-ek1,2022,team-assignment,model,data1_6_6,Optimal,760,6970.0,Optimal,734,6970.0,26,0.03,0.5,0.5
svc-k1,2020,hoist-benchmark,hoist-benchmark,PU_2_8_1,Optimal,938,269.0,Optimal,912,269.0,26,0.03,0.5,0.5
svc-k1,2022,spot5,spot5,404,Optimal,400,114.0,Optimal,374,114.0,26,0.03,0.5,0.5
svc-ek1,2020,is,model,A3PZaPjnUz,Optimal,733,103936.0,Optimal,708,103936.0,25,0.03,0.5,0.5
svc-ek1,2021,wmsmc-int,multisetcover,batch_0_case_253_instance_6_small_cost_elements_4_sumreqs_472_candidates_16,Optimal,348,274870.0,Optimal,323,274870.0,25,0.03,0.5,0.5
svc-k1,2020,soccer-computational,ecp,xIGData_30_25_15_4,Optimal,1023,,Optimal,998,,25,0.03,0.0,1.0
svc-k1,2022,nfc,nfc,18_3_12,Optimal,389,1218.0,Optimal,364,1218.0,25,0.03,0.5,0.5
svc-k1,2022,team-assignment,model,data2_6_15,Optimal,892,26773.0,Optimal,869,26773.0,23,0.02,0.5,0.5
svc-ek1,2021,seat-moving,seat-moving,sm-20-20-02,Optimal,682,186.0,Optimal,662,186.0,20,0.02,0.5,0.5
svc-ek1,2020,stable-goods,stable-goods-solution,s-d6,Optimal,764,6264.0,Optimal,745,6264.0,19,0.02,0.5,0.5
svc-k1,2021,peacable_queens,peaceable_queens_mznc2021,40,Satisfied,1200023,203.0,Satisfied,1200004,183.0,19,0.02,1.0,0.0
svc-k1,2021,neighbours,neighbours-rect,neightbours-new-4,Satisfied,1200026,343.0,Satisfied,1200008,340.0,18,0.02,1.0,0.0
svc-ek1,2021,neighbours,neighbours-rect,neightbours-new-14,Satisfied,1200021,5655.0,Satisfied,1200005,5665.0,16,0.02,0.0,1.0
svc-k1,2022,tower,tower,tower_500_500_50_300-01,Satisfied,1200023,223.0,Satisfied,1200007,223.0,16,0.02,0.5,0.5
svc-ek1,2020,hoist-benchmark,hoist-benchmark,PU_3_2_5,Satisfied,1200020,699.0,Satisfied,1200005,711.0,15,0.01,1.0,0.0
svc-k1,2020,collaborative-construction,macc,46,Optimal,4770,6.0,Optimal,4757,6.0,13,0.01,0.5,0.5
svc-k1,2022,nfc,nfc,30_5_12,Optimal,362,2220.0,Optimal,349,2220.0,13,0.01,0.5,0.5
svc-ek1,2021,p1f-pjs,p1f-pjs,14,Satisfied,1200017,1008.0,Satisfied,1200005,1008.0,12,0.01,0.5,0.5
svc-k1,2022,team-assignment,model,data1_6_6,Optimal,746,6970.0,Optimal,734,6970.0,12,0.01,0.5,0.5
svc-ek1,2022,yumi-static,yumi-static,p_8_SSSSS_SSS_yumi_grid_setup_3_4,Satisfied,1200015,994.0,Satisfied,1200004,999.0,11,0.01,1.0,0.0
svc-ek1,2022,generalized-peacable-queens,peaceable_queens,n25_q4,Satisfied,1200015,18.0,Satisfied,1200005,14.0,10,0.01,1.0,0.0
svc-k1,2020,is,model,A3PZaPjnUz,Optimal,718,103936.0,Optimal,708,103936.0,10,0.01,0.5,0.5
svc-ek1,2022,nfc,nfc,18_3_12,Optimal,372,1218.0,Optimal,364,1218.0,8,0.01,0.5,0.5
svc-ek1,2022,rotating-workforce-scheduling,rotating-workforce-scheduling,rws-instance-e-30-s-9,Optimal,1735,,Optimal,1727,,8,0.01,0.5,0.5
svc-ek1,2022,sudoku_opt,sudoku_opt,sudoku_p23,Optimal,3093,-227.0,Optimal,3085,-227.0,8,0.01,0.5,0.5
svc-ek1,2021,peacable_queens,peaceable_queens_mznc2021,50,Satisfied,1200012,298.0,Satisfied,1200005,253.0,7,0.01,1.0,0.0
svc-ek1,2021,carpet-cutting,cc_base,mzn_rnd_test.19,Satisfied,1200007,2201.0,Satisfied,1200005,2201.0,2,0.0,0.5,0.5
svc-k1,2020,soccer-computational,ecp,xIGData_28_23_16_1,Optimal,2085,,Optimal,2084,,1,0.0,0.5,0.5
svc-ek1,2020,tower_challenge,tower,tower_070_070_15_070-04,Unknown,1200000,,Unknown,1200000,,0,0.0,0.0,0.0
svc-ek1,2020,tower_challenge,tower,tower_070_070_15_070-06,Unknown,1200000,,Unknown,1200000,,0,0.0,0.0,0.0
svc-ek1,2020,tower_challenge,tower,tower_070_070_15_100-04,Unknown,1200000,,Unknown,1200000,,0,0.0,0.0,0.0
svc-ek1,2020,tower_challenge,tower,tower_070_070_15_100-05,Unknown,1200000,,Unknown,1200000,,0,0.0,0.0,0.0
svc-ek1,2020,tower_challenge,tower,tower_070_070_30_100-05,Unknown,1200000,,Unknown,1200000,,0,0.0,0.0,0.0
svc-ek1,2020,whirlpool,whirlpool-x,d29,Unknown,1200000,,Unknown,1200000,,0,0.0,0.0,0.0
svc-ek1,2020,whirlpool,whirlpool-x,d30,Unknown,1200000,,Unknown,1200000,,0,0.0,0.0,0.0
svc-ek1,2021,monomatch,monomatch,data_n_4_percentage_0.75,Unknown,1200000,,Unknown,1200000,,0,0.0,0.0,0.0
svc-ek1,2021,monomatch,monomatch,data_n_4_percentage_0.97,Unknown,1200000,,Unknown,1200000,,0,0.0,0.0,0.0
svc-ek1,2021,steiner-systems,steiner-systems,steiner_t2_k7_N21,Unknown,1200000,,Unknown,1200000,,0,0.0,0.0,0.0
svc-ek1,2021,vrp-submission,cvrptw_w_reload,A_7v_48l,Unknown,1200000,,Unknown,1200000,,0,0.0,0.0,0.0
svc-k1,2020,tower_challenge,tower,tower_070_070_15_070-04,Unknown,1200000,,Unknown,1200000,,0,0.0,0.0,0.0
svc-k1,2020,tower_challenge,tower,tower_070_070_15_070-06,Unknown,1200000,,Unknown,1200000,,0,0.0,0.0,0.0
svc-k1,2020,tower_challenge,tower,tower_070_070_15_100-04,Unknown,1200000,,Unknown,1200000,,0,0.0,0.0,0.0
svc-k1,2020,tower_challenge,tower,tower_070_070_15_100-05,Unknown,1200000,,Unknown,1200000,,0,0.0,0.0,0.0
svc-k1,2020,tower_challenge,tower,tower_070_070_30_100-05,Unknown,1200000,,Unknown,1200000,,0,0.0,0.0,0.0
svc-k1,2020,whirlpool,whirlpool-x,d29,Unknown,1200000,,Unknown,1200000,,0,0.0,0.0,0.0
svc-k1,2020,whirlpool,whirlpool-x,d30,Unknown,1200000,,Unknown,1200000,,0,0.0,0.0,0.0
svc-k1,2021,monomatch,monomatch,data_n_4_percentage_0.75,Unknown,1200000,,Unknown,1200000,,0,0.0,0.0,0.0
svc-k1,2021,monomatch,monomatch,data_n_4_percentage_0.97,Unknown,1200000,,Unknown,1200000,,0,0.0,0.0,0.0
svc-k1,2021,steiner-systems,steiner-systems,steiner_t2_k7_N21,Unknown,1200000,,Unknown,1200000,,0,0.0,0.0,0.0
svc-k1,2021,vrp-submission,cvrptw_w_reload,A_7v_48l,Unknown,1200000,,Unknown,1200000,,0,0.0,0.0,0.0
svc-ek1,2020,radiation,radiation,i6-9,Optimal,392,338.0,Optimal,394,338.0,-2,-0.0,0.5,0.5
svc-k1,2020,is,model,v1HjuSBQMb,Optimal,707,454656.0,Optimal,709,454656.0,-2,-0.0,0.5,0.5
svc-k1,2020,radiation,radiation,i6-9,Optimal,391,338.0,Optimal,394,338.0,-3,-0.0,0.5,0.5
svc-ek1,2022,team-assignment,model,data2_6_15,Optimal,863,26773.0,Optimal,869,26773.0,-6,-0.01,0.5,0.5
svc-k1,2022,nfc,nfc,30_5_6,Optimal,324,2410.0,Optimal,330,2410.0,-6,-0.01,0.5,0.5
svc-ek1,2022,spot5,spot5,507,Optimal,1130,27390.0,Optimal,1137,27390.0,-7,-0.01,0.5,0.5
svc-ek1,2022,vaccine,vaccine,v857,Optimal,1210,127.0,Optimal,1217,127.0,-7,-0.01,0.5,0.5
svc-k1,2020,radiation,radiation,i8-40,Optimal,779,4040.0,Optimal,788,4040.0,-9,-0.01,0.5,0.5
svc-ek1,2020,skill-allocation,skill_allocation_only,skill_allocation_mzn_2w_1,Optimal,3165,3.0,Optimal,3178,3.0,-13,-0.01,0.5,0.5
svc-k1,2022,nfc,nfc,24_4_2,Optimal,326,1836.0,Optimal,355,1836.0,-29,-0.03,0.5,0.5
svc-k1,2021,physician-scheduling,physician-scheduling,instance10-duplicated_0.23,Optimal,2664,2980.0,Optimal,2695,2980.0,-31,-0.03,0.5,0.5
svc-k1,2020,sdn-chain,model,d30n600-5,Optimal,5981,23.0,Optimal,6015,23.0,-34,-0.03,0.5455,0.4545
svc-k1,2021,seat-moving,seat-moving,sm-20-20-02,Optimal,628,186.0,Optimal,662,186.0,-34,-0.03,0.5,0.5
svc-k1,2020,stable-goods,stable-goods-solution,s-d6,Optimal,708,6264.0,Optimal,745,6264.0,-37,-0.04,0.5,0.5
svc-k1,2022,rotating-workforce-scheduling,rotating-workforce-scheduling,rws-instance-e-25-s-7,Optimal,1472,,Optimal,1513,,-41,-0.04,0.5,0.5
svc-ek1,2021,wmsmc-int,multisetcover,batch_0_case_115_instance_1_base_full_elements_3_sumreqs_702_candidates_86,Optimal,501,216660.0,Optimal,543,216660.0,-42,-0.04,0.5,0.5
svc-k1,2021,seat-moving,seat-moving,sm-10-11-00,Optimal,3191,730.0,Optimal,3233,730.0,-42,-0.04,0.5,0.5
svc-ek1,2020,is,model,v1HjuSBQMb,Optimal,660,454656.0,Optimal,709,454656.0,-49,-0.05,0.5,0.5
svc-k1,2020,bnn-planner,navigation_5x5_10s,navigation_5x5_10s,Optimal,8547,8.0,Optimal,8619,8.0,-72,-0.07,0.5,0.5
svc-k1,2020,skill-allocation,skill_allocation_only,skill_allocation_mzn_2w_1,Optimal,3102,3.0,Optimal,3178,3.0,-76,-0.08,0.5,0.5
svc-k1,2020,is,model,Ws5Q6fhGi5,Optimal,1382,180224.0,Optimal,1459,180224.0,-77,-0.08,0.5,0.5
svc-ek1,2020,is,model,Ws5Q6fhGi5,Optimal,1381,180224.0,Optimal,1459,180224.0,-78,-0.08,0.5,0.5
svc-ek1,2021,seat-moving,seat-moving,sm-10-11-00,Optimal,3155,730.0,Optimal,3233,730.0,-78,-0.08,0.5,0.5
svc-ek1,2020,bnn-planner,sysadmin_4_2s,sysadmin_4_2s,Optimal,1711,0.0,Optimal,1790,0.0,-79,-0.08,0.5,0.5
svc-k1,2020,bnn-planner,sysadmin_4_2s,sysadmin_4_2s,Optimal,1711,0.0,Optimal,1790,0.0,-79,-0.08,0.5,0.5
svc-ek1,2021,seat-moving,seat-moving,sm-20-16-00,Optimal,1345,323.0,Optimal,1427,323.0,-82,-0.08,0.5,0.5
svc-ek1,2020,sdn-chain,model,d26n600-2,Optimal,4690,9.0,Optimal,4774,9.0,-84,-0.08,0.5,0.5
svc-k1,2022,vaccine,vaccine,v857,Optimal,1133,127.0,Optimal,1217,127.0,-84,-0.08,0.5,0.5
svc-k1,2020,sdn-chain,model,d26n600-2,Optimal,4686,9.0,Optimal,4774,9.0,-88,-0.09,0.5,0.5
svc-ek1,2022,wordpress,wordpress,Wordpress11_Offers500,Optimal,21064,3464.0,Optimal,21154,3464.0,-90,-0.09,0.5,0.5
svc-k1,2020,is,model,LeTaZW8Ij5,Optimal,1733,248576.0,Optimal,1845,248576.0,-112,-0.11,0.5,0.5
svc-k1,2022,spot5,spot5,509,Optimal,1359,36446.0,Optimal,1472,36446.0,-113,-0.11,0.5,0.5
svc-ek1,2020,lot-sizing,lot_sizing_cp,pigment20b.psp,Optimal,2495,2101.0,Optimal,2611,2101.0,-116,-0.12,0.5,0.5
svc-ek1,2020,is,model,LeTaZW8Ij5,Optimal,1728,248576.0,Optimal,1845,248576.0,-117,-0.12,0.5,0.5
svc-k1,2021,wmsmc-int,multisetcover,batch_0_case_115_instance_0_small_subset_elements_3_sumreqs_1295_candidates_41,Optimal,374,509704.0,Optimal,494,509704.0,-120,-0.12,0.5,0.5
svc-k1,2022,accap,accap,accap_a5_f40_t20,Optimal,3457,97.0,Optimal,3590,97.0,-133,-0.13,0.5,0.5
svc-ek1,2020,stable-goods,stable-goods-solution,s-d7,Optimal,2185,11914.0,Optimal,2330,11914.0,-145,-0.14,0.5,0.5
svc-ek1,2020,skill-allocation,skill_allocation_only,skill_allocation_mzn_1m_1,Optimal,6148,2.0,Optimal,6296,2.0,-148,-0.15,0.5,0.5
svc-k1,2020,is,model,YfFfEiuCQo,Optimal,1753,141440.0,Optimal,1909,141440.0,-156,-0.16,0.5,0.5
svc-ek1,2020,bnn-planner,cellda_y_10s,cellda_y_10s,Optimal,17838,6.0,Optimal,17997,6.0,-159,-0.16,0.5,0.5
svc-k1,2021,seat-moving,seat-moving,sm-20-16-00,Optimal,1266,323.0,Optimal,1427,323.0,-161,-0.16,0.5,0.5
svc-k1,2020,stable-goods,stable-goods-solution,s-d7,Optimal,2137,11914.0,Optimal,2330,11914.0,-193,-0.19,0.5,0.5
svc-k1,2022,stripboard,stripboard,common-emitter-complex,Optimal,1199808,75.0,Satisfied,1200004,75.0,-196,-0.2,1.0,0.0
svc-ek1,2020,is,model,YfFfEiuCQo,Optimal,1709,141440.0,Optimal,1909,141440.0,-200,-0.2,0.5,0.5
svc-ek1,2022,vaccine,vaccine,v11,Optimal,4290,85.0,Optimal,4498,85.0,-208,-0.21,0.5,0.5
svc-k1,2022,rotating-workforce-scheduling,rotating-workforce-scheduling,rws-instance-e-30-s-9,Optimal,1502,,Optimal,1727,,-225,-0.23,0.5,0.5
svc-ek1,2020,sdn-chain,model,d24n600-3,Optimal,3096,12.0,Optimal,3332,12.0,-236,-0.24,0.5,0.5
svc-k1,2020,sdn-chain,model,d24n600-3,Optimal,3089,12.0,Optimal,3332,12.0,-243,-0.24,0.5,0.5
svc-k1,2022,roster-sickness,bool-model-sickness,small-4,Optimal,1036,14457.0,Optimal,1279,14457.0,-243,-0.24,0.5,0.5
svc-ek1,2020,cable_tree_wiring,ctw,R046,Optimal,4103,143534.0,Optimal,4348,143534.0,-245,-0.24,0.5,0.5
svc-k1,2020,cable_tree_wiring,ctw,R046,Optimal,4091,143534.0,Optimal,4348,143534.0,-257,-0.26,0.5,0.5
svc-k1,2020,minimal-decision-sets,sparse_mds,colic_train4,Optimal,6230,108.0,Optimal,6492,108.0,-262,-0.26,0.5,0.5
svc-ek1,2022,team-assignment,model,data3_4_31,Optimal,1276,44706.0,Optimal,1540,44706.0,-264,-0.26,0.5,0.5
svc-k1,2022,team-assignment,model,data3_4_31,Optimal,1266,44706.0,Optimal,1540,44706.0,-274,-0.27,0.5,0.5
svc-ek1,2022,accap,accap,accap_a18_f140_t85,Optimal,22514,153.0,Optimal,22802,153.0,-288,-0.29,0.5,0.5
svc-k1,2022,diameterc-mst,dcmst,c_v15_a105_d6,Optimal,876,314.0,Optimal,1170,314.0,-294,-0.29,1.0,0.0
svc-ek1,2022,diameterc-mst,dcmst,c_v15_a105_d6,Optimal,875,314.0,Optimal,1170,314.0,-295,-0.29,1.0,0.0
svc-ek1,2020,collaborative-construction,macc,37,Optimal,4114,9.0,Optimal,4412,9.0,-298,-0.3,0.5,0.5
svc-k1,2020,bnn-planner,cellda_y_10s,cellda_y_10s,Optimal,17681,6.0,Optimal,17997,6.0,-316,-0.32,0.5,0.5
svc-k1,2020,hoist-benchmark,hoist-benchmark,PU_3_8_5,Optimal,2046,400.0,Optimal,2366,400.0,-320,-0.32,0.5,0.5
svc-ek1,2022,arithmetic-target,model,4108_with_1_2_2_3_3_5_6_6_7_8_9,Optimal,3812,7.0,Optimal,4136,7.0,-324,-0.32,0.5714,0.4286
svc-ek1,2022,sudoku_opt,sudoku_opt,sudoku_p20,Optimal,1430,-3.0,Optimal,1755,-3.0,-325,-0.33,0.5,0.5
svc-ek1,2022,team-assignment,model,data3_5_31,Optimal,2821,66664.0,Optimal,3167,66664.0,-346,-0.35,0.6,0.4
svc-k1,2020,collaborative-construction,macc,455,Optimal,13968,17.0,Optimal,14321,17.0,-353,-0.35,0.5185,0.4815
svc-k1,2021,perfect_square,perfect_square,92,Optimal,4823,,Optimal,5184,,-361,-0.36,0.5556,0.4444
svc-k1,2022,sudoku_opt,sudoku_opt,sudoku_p20,Optimal,1379,-3.0,Optimal,1755,-3.0,-376,-0.38,0.5,0.5
svc-ek1,2022,roster-sickness,bool-model-sickness,large-4,Optimal,17915,217464.0,Optimal,18324,217464.0,-409,-0.41,0.5143,0.4857
svc-ek1,2022,arithmetic-target,model,910_with_1_2_3_6_12_25_50_87,Optimal,2130,5.0,Optimal,2546,5.0,-416,-0.42,0.5,0.5
svc-k1,2020,collaborative-construction,macc,37,Optimal,3995,9.0,Optimal,4412,9.0,-417,-0.42,0.5714,0.4286
svc-ek1,2020,lot-sizing,lot_sizing_cp,pigment30a.psp,Optimal,6809,1119.0,Optimal,7237,1119.0,-428,-0.43,0.5385,0.4615
svc-k1,2022,spot5,spot5,1506,Optimal,3126,354517.0,Optimal,3557,354517.0,-431,-0.43,0.5,0.5
svc-ek1,2022,arithmetic-target,model,814_with_1_2_4_6_6_7_8_9,Optimal,1838,5.0,Optimal,2286,5.0,-448,-0.45,0.6667,0.3333
svc-ek1,2020,minimal-decision-sets,sparse_mds,backache_train4,Optimal,3322,34.0,Optimal,3808,34.0,-486,-0.49,0.5,0.5
svc-k1,2020,minimal-decision-sets,sparse_mds,backache_train4,Optimal,3322,34.0,Optimal,3808,34.0,-486,-0.49,0.5,0.5
svc-ek1,2020,minimal-decision-sets,sparse_mds,breast-cancer_train4,Optimal,10203,102.0,Optimal,10705,102.0,-502,-0.5,0.5,0.5
svc-ek1,2020,bnn-planner,navigation_5x5_10s,navigation_5x5_10s,Optimal,8089,8.0,Optimal,8619,8.0,-530,-0.53,0.5,0.5
svc-ek1,2020,minimal-decision-sets,sparse_mds,colic_train4,Optimal,5935,108.0,Optimal,6492,108.0,-557,-0.56,0.5455,0.4545
svc-k1,2022,arithmetic-target,model,910_with_1_2_3_6_12_25_50_87,Optimal,1979,5.0,Optimal,2546,5.0,-567,-0.57,0.6667,0.3333
svc-k1,2022,wordpress,wordpress,Wordpress7_Offers500,Optimal,6449,2022.0,Optimal,7016,2022.0,-567,-0.57,0.5385,0.4615
svc-k1,2022,arithmetic-target,model,814_with_1_2_4_6_6_7_8_9,Optimal,1707,5.0,Optimal,2286,5.0,-579,-0.58,0.6667,0.3333
svc-ek1,2020,minimal-decision-sets,sparse_mds,australian_train5,Optimal,7084,190.0,Optimal,7681,190.0,-597,-0.6,0.5,0.5
svc-ek1,2022,diameterc-mst,dcmst,c_v20_a190_d4,Optimal,2657,349.0,Optimal,3284,349.0,-627,-0.63,0.6,0.4
svc-k1,2020,minimal-decision-sets,sparse_mds,australian_train5,Optimal,7033,190.0,Optimal,7681,190.0,-648,-0.65,0.5,0.5
svc-ek1,2022,rotating-workforce-scheduling,rotating-workforce-scheduling,rws-instance-e-90-s-2,Optimal,8681,,Optimal,9350,,-669,-0.67,0.5294,0.4706
svc-k1,2020,lot-sizing,lot_sizing_cp,pigment30a.psp,Optimal,6567,1119.0,Optimal,7237,1119.0,-670,-0.67,0.5385,0.4615
svc-k1,2022,team-assignment,model,data3_5_31,Optimal,2496,66664.0,Optimal,3167,66664.0,-671,-0.67,0.6,0.4
svc-k1,2022,diameterc-mst,dcmst,c_v20_a190_d9,Optimal,3348,327.0,Optimal,4021,327.0,-673,-0.67,0.5714,0.4286
svc-ek1,2022,diameterc-mst,dcmst,c_v20_a190_d9,Optimal,3316,327.0,Optimal,4021,327.0,-705,-0.7,0.5714,0.4286
svc-k1,2020,pillars-and-planks,pillars-planks-solution,p-d7,Optimal,8139,7.0,Optimal,8869,7.0,-730,-0.73,0.5,0.5
svc-k1,2022,sudoku_opt,sudoku_opt,sudoku_p22,Optimal,7771,229.0,Optimal,8506,229.0,-735,-0.73,0.5333,0.4667
svc-k1,2022,sudoku_opt,sudoku_opt,sudoku_p29,Optimal,3774,-359.0,Optimal,4529,-359.0,-755,-0.76,0.5714,0.4286
svc-ek1,2022,wordpress,wordpress,Wordpress12_Offers500,Optimal,22926,3580.0,Optimal,23702,3580.0,-776,-0.78,0.5111,0.4889
svc-ek1,2022,rotating-workforce-scheduling,rotating-workforce-scheduling,rws-instance-e-80-s-1,Optimal,5261,,Optimal,6047,,-786,-0.79,0.5455,0.4545
svc-k1,2022,diameterc-mst,dcmst,c_v20_a190_d4,Optimal,2465,349.0,Optimal,3284,349.0,-819,-0.82,0.6,0.4
svc-ek1,2022,arithmetic-target,model,6872_with_1_2_3_3_4_4_5_6_7_9_10,Optimal,4383,7.0,Optimal,5225,7.0,-842,-0.84,0.5556,0.4444
svc-k1,2021,seat-moving,seat-moving,sm-20-13-00,Optimal,16043,663.0,Optimal,16925,663.0,-882,-0.88,0.5,0.5
svc-ek1,2020,collaborative-construction,macc,455,Optimal,13423,17.0,Optimal,14321,17.0,-898,-0.9,0.5185,0.4815
svc-k1,2020,racp,racp,j60_48_9_1.0,Optimal,8282,721.0,Optimal,9249,721.0,-967,-0.97,0.5294,0.4706
svc-k1,2021,perfect_square,perfect_square,195,Optimal,11367,,Optimal,12336,,-969,-0.97,0.5217,0.4783
svc-k1,2021,perfect_square,perfect_square,205,Optimal,9513,,Optimal,10497,,-984,-0.98,0.5263,0.4737
svc-k1,2022,vaccine,vaccine,v946,Optimal,7217,85.0,Optimal,8231,85.0,-1014,-1.01,0.5333,0.4667
svc-k1,2022,rotating-workforce-scheduling,rotating-workforce-scheduling,rws-instance-e-90-s-2,Optimal,8220,,Optimal,9350,,-1130,-1.13,0.5294,0.4706
svc-k1,2022,rotating-workforce-scheduling,rotating-workforce-scheduling,rws-instance-e-80-s-1,Optimal,4916,,Optimal,6047,,-1131,-1.13,0.6,0.4
svc-ek1,2022,sudoku_opt,sudoku_opt,sudoku_p29,Optimal,3341,-359.0,Optimal,4529,-359.0,-1188,-1.19,0.5714,0.4286
svc-k1,2022,arithmetic-target,model,6872_with_1_2_3_3_4_4_5_6_7_9_10,Optimal,4036,7.0,Optimal,5225,7.0,-1189,-1.19,0.5556,0.4444
svc-ek1,2020,minimal-decision-sets,sparse_mds,cleve_train5,Optimal,7278,116.0,Optimal,8480,116.0,-1202,-1.2,0.5333,0.4667
svc-k1,2021,vrp-submission,cvrptw_w_reload,toy_D_2v_4l_w_reload,Optimal,7974,107.0,Optimal,9186,107.0,-1212,-1.21,0.5625,0.4375
svc-ek1,2022,sudoku_opt,sudoku_opt,sudoku_p22,Optimal,7274,229.0,Optimal,8506,229.0,-1232,-1.23,0.5333,0.4667
svc-k1,2022,yumi-static,yumi-static,example_instance_4_GS_SG_yumi_grid_setup_7_7,Optimal,11333,482.0,Optimal,12575,482.0,-1242,-1.24,0.5217,0.4783
svc-ek1,2021,seat-moving,seat-moving,sm-20-13-00,Optimal,15631,663.0,Optimal,16925,663.0,-1294,-1.29,0.5161,0.4839
svc-k1,2022,vaccine,vaccine,v11,Optimal,3157,85.0,Optimal,4498,85.0,-1341,-1.34,0.5714,0.4286
svc-ek1,2022,stripboard,stripboard,common-emitter-simple,Optimal,4583,40.0,Optimal,5932,40.0,-1349,-1.35,0.5556,0.4444
svc-k1,2022,tower,tower,tower_070_070_15_085-09,Optimal,11657,85.0,Optimal,13012,85.0,-1355,-1.35,0.5417,0.4583
svc-ek1,2022,accap,accap,accap_a5_f40_t20,Optimal,2232,97.0,Optimal,3590,97.0,-1358,-1.36,0.6,0.4
svc-k1,2020,minimal-decision-sets,sparse_mds,cleve_train5,Optimal,7032,116.0,Optimal,8480,116.0,-1448,-1.45,0.5333,0.4667
svc-ek1,2022,tower,tower,tower_070_070_15_070-09,Optimal,8021,57.0,Optimal,9483,57.0,-1462,-1.46,0.5294,0.4706
svc-k1,2022,wordpress,wordpress,Wordpress8_Offers500,Optimal,10835,2674.0,Optimal,12301,2674.0,-1466,-1.47,0.5455,0.4545
svc-ek1,2020,collaborative-construction,macc,307,Optimal,11520,17.0,Optimal,13037,17.0,-1517,-1.52,0.5417,0.4583
svc-k1,2022,stripboard,stripboard,common-emitter-simple,Optimal,4392,40.0,Optimal,5932,40.0,-1540,-1.54,0.5556,0.4444
svc-k1,2020,collaborative-construction,macc,307,Optimal,11429,17.0,Optimal,13037,17.0,-1608,-1.61,0.5417,0.4583
svc-k1,2020,minimal-decision-sets,sparse_mds,breast-cancer_train4,Optimal,9097,102.0,Optimal,10705,102.0,-1608,-1.61,0.5263,0.4737
svc-k1,2022,accap,accap,accap_a4_f30_t15,Optimal,2919,103.0,Optimal,4530,103.0,-1611,-1.61,0.6667,0.3333
svc-k1,2022,tower,tower,tower_070_070_15_070-09,Optimal,7736,57.0,Optimal,9483,57.0,-1747,-1.75,0.5625,0.4375
svc-k1,2022,roster-sickness,bool-model-sickness,large-4,Optimal,16442,217464.0,Optimal,18324,217464.0,-1882,-1.88,0.5294,0.4706
svc-ek1,2022,tower,tower,tower_070_070_15_085-09,Optimal,10955,85.0,Optimal,13012,85.0,-2057,-2.06,0.5652,0.4348
svc-ek1,2022,rotating-workforce-scheduling,rotating-workforce-scheduling,rws-instance-e-100-s-2,Optimal,12472,,Optimal,14573,,-2101,-2.1,0.5385,0.4615
svc-k1,2022,rotating-workforce-scheduling,rotating-workforce-scheduling,rws-instance-e-100-s-2,Optimal,12472,,Optimal,14573,,-2101,-2.1,0.5385,0.4615
svc-ek1,2022,roster-sickness,bool-model-sickness,large-2,Optimal,19820,247896.0,Optimal,21970,247896.0,-2150,-2.15,0.525,0.475
svc-k1,2022,accap,accap,accap_a12_f100_t60,Optimal,4141,127.0,Optimal,6511,127.0,-2370,-2.37,0.6,0.4
svc-ek1,2021,vrp-submission,cvrptw_w_reload,toy_D_2v_4l_w_reload,Optimal,6798,107.0,Optimal,9186,107.0,-2388,-2.39,0.6,0.4
svc-ek1,2020,lot-sizing,lot_sizing_cp,pigment30c.psp,Optimal,29846,1707.0,Optimal,32241,1707.0,-2395,-2.4,0.5246,0.4754
svc-k1,2020,whirlpool,whirlpool-x,d8,Optimal,5434,,Optimal,7977,,-2543,-2.54,0.5833,0.4167
svc-k1,2021,steiner-systems,steiner-systems,steiner_t3_k3_N11,Optimal,13986,,Optimal,16670,,-2684,-2.68,0.5517,0.4483
svc-k1,2021,monomatch,monomatch,data_n_3_percentage_0.97,Unsat,83563,,Unsat,86295,,-2732,-2.73,0.5089,0.4911
svc-k1,2021,peacable_queens,peaceable_queens_mznc2021,8,Optimal,294959,9.0,Optimal,297713,9.0,-2754,-2.75,0.5025,0.4975
svc-ek1,2022,accap,accap,accap_a4_f30_t15,Optimal,1467,103.0,Optimal,4530,103.0,-3063,-3.06,0.8,0.2
svc-ek1,2021,steiner-systems,steiner-systems,steiner_t3_k3_N11,Optimal,13497,,Optimal,16670,,-3173,-3.17,0.5517,0.4483
svc-ek1,2022,blocks-world,blocks,16-4-83,Optimal,15859,25.0,Optimal,19270,25.0,-3411,-3.41,0.5588,0.4412
svc-ek1,2022,roster-sickness,bool-model-sickness,large-4-2,Optimal,17583,233969.0,Optimal,21182,233969.0,-3599,-3.6,0.5526,0.4474
svc-k1,2022,wordpress,wordpress,Wordpress11_Offers500,Optimal,17398,3464.0,Optimal,21154,3464.0,-3756,-3.76,0.5526,0.4474
svc-k1,2020,cable_tree_wiring,ctw,A073,Optimal,78437,225905728.0,Optimal,82229,225905728.0,-3792,-3.79,0.5125,0.4875
svc-k1,2022,wordpress,wordpress,Wordpress10_Offers500,Optimal,13129,3232.0,Optimal,17088,3232.0,-3959,-3.96,0.5667,0.4333
svc-ek1,2022,tower,tower,100_100_20_100-04,Optimal,10338,90.0,Optimal,14493,90.0,-4155,-4.16,0.5833,0.4167
svc-k1,2022,tower,tower,100_100_20_100-04,Optimal,10208,90.0,Optimal,14493,90.0,-4285,-4.29,0.5833,0.4167
svc-k1,2022,vaccine,vaccine,v8,Optimal,86968,99.0,Optimal,91727,99.0,-4759,-4.76,0.5141,0.4859
svc-ek1,2022,blocks-world,blocks,16-4-5,Optimal,10864,25.0,Optimal,16028,25.0,-5164,-5.16,0.6154,0.3846
svc-ek1,2022,roster-sickness,bool-model-sickness,large-2-2,Optimal,19781,191062.0,Optimal,24961,191062.0,-5180,-5.18,0.5581,0.4419
svc-k1,2022,roster-sickness,bool-model-sickness,large-2,Optimal,16623,247896.0,Optimal,21970,247896.0,-5347,-5.35,0.5676,0.4324
svc-k1,2022,wordpress,wordpress,Wordpress12_Offers500,Optimal,18187,3580.0,Optimal,23702,3580.0,-5515,-5.51,0.561,0.439
svc-k1,2022,roster-sickness,bool-model-sickness,large-4-2,Optimal,15066,233969.0,Optimal,21182,233969.0,-6116,-6.12,0.5833,0.4167
svc-k1,2020,skill-allocation,skill_allocation_only,skill_allocation_mzn_2m_3,Optimal,46499,3.0,Optimal,52698,3.0,-6199,-6.2,0.5306,0.4694
svc-k1,2022,accap,accap,accap_a18_f140_t85,Optimal,15768,153.0,Optimal,22802,153.0,-7034,-7.03,0.5946,0.4054
svc-k1,2021,steiner-systems,steiner-systems,steiner_t4_k4_N10,Optimal,22100,,Optimal,29674,,-7574,-7.57,0.5686,0.4314
svc-ek1,2021,steiner-systems,steiner-systems,steiner_t4_k4_N10,Optimal,22073,,Optimal,29674,,-7601,-7.6,0.5686,0.4314
svc-k1,2020,pillars-and-planks,pillars-planks-solution,p-d10,Optimal,13526,7.0,Optimal,21399,7.0,-7873,-7.87,0.6176,0.3824
svc-k1,2022,roster-sickness,bool-model-sickness,large-2-2,Optimal,16981,191062.0,Optimal,24961,191062.0,-7980,-7.98,0.6,0.4
svc-ek1,2022,blocks-world,blocks,16-4-40,Optimal,18917,25.0,Optimal,27641,25.0,-8724,-8.72,0.6,0.4
svc-ek1,2021,vrp-submission,cvrptw_w_reload,A_1v_7l_w_reload,Optimal,340792,257.0,Optimal,350094,257.0,-9302,-9.3,0.5072,0.4928
svc-k1,2021,vrp-submission,cvrptw_w_reload,A_1v_7l_w_reload,Optimal,339566,257.0,Optimal,350094,257.0,-10528,-10.53,0.508,0.492
svc-k1,2022,stripboard,stripboard,envelope-detector,Optimal,129765,60.0,Optimal,141461,60.0,-11696,-11.7,0.5222,0.4778
svc-ek1,2022,blocks-world,blocks,16-4-13,Optimal,15811,30.0,Optimal,27513,30.0,-11702,-11.7,0.6429,0.3571
svc-ek1,2022,blocks-world,blocks,16-4-45,Optimal,72717,27.0,Optimal,87020,27.0,-14303,-14.3,0.5472,0.4528
svc-k1,2022,diameterc-mst,dcmst,s_v40_a100_d7,Optimal,69345,667.0,Optimal,88203,667.0,-18858,-18.86,0.5605,0.4395
svc-k1,2020,cable_tree_wiring,ctw,R196,Optimal,48559,14679739.0,Optimal,68916,14679739.0,-20357,-20.36,0.5862,0.4138
svc-ek1,2020,bnn-planner,sysadmin_5_4s,sysadmin_5_4s,Optimal,126423,3.0,Optimal,147695,3.0,-21272,-21.27,0.5385,0.4615
svc-ek1,2022,stripboard,stripboard,envelope-detector,Optimal,109350,60.0,Optimal,141461,60.0,-32111,-32.11,0.564,0.436
svc-k1,2022,stripboard,stripboard,nand-gate,Optimal,105724,56.0,Optimal,148656,56.0,-42932,-42.93,0.585,0.415
svc-ek1,2022,diameterc-mst,dcmst,s_v40_a100_d7,Optimal,45135,667.0,Optimal,88203,667.0,-43068,-43.07,0.6617,0.3383
svc-k1,2021,carpet-cutting,cc_base,mzn_rnd_test.19,Optimal,1153159,2201.0,Satisfied,1200005,2201.0,-46846,-46.85,1.0,0.0
svc-ek1,2022,stripboard,stripboard,nand-gate,Optimal,90712,56.0,Optimal,148656,56.0,-57944,-57.94,0.6218,0.3782
svc-k1,2022,tower,tower,tower_300_300_40_200-00,Optimal,727621,176.0,Optimal,791958,176.0,-64337,-64.34,0.5211,0.4789
svc-ek1,2020,pillars-and-planks,pillars-planks-solution,p-d17,Optimal,29166,9.0,Optimal,115314,9.0,-86148,-86.15,0.7986,0.2014
svc-k1,2020,pillars-and-planks,pillars-planks-solution,p-d17,Optimal,26813,9.0,Optimal,115314,9.0,-88501,-88.5,0.8156,0.1844
svc-ek1,2022,stripboard,stripboard,common-emitter-complex,Optimal,1060511,75.0,Satisfied,1200004,75.0,-139493,-139.49,1.0,0.0
svc-ek1,2020,stable-goods,stable-goods-solution,s-d8,Optimal,330278,11832.0,Optimal,478036,11832.0,-147758,-147.76,0.5916,0.4084
svc-k1,2020,stable-goods,stable-goods-solution,s-d8,Optimal,286753,11832.0,Optimal,478036,11832.0,-191283,-191.28,0.6257,0.3743
svc-ek1,2022,tower,tower,tower_300_300_40_200-00,Optimal,585447,176.0,Optimal,791958,176.0,-206511,-206.51,0.5749,0.4251
svc-k1,2020,whirlpool,whirlpool-x,d21,Unsat,125092,,Unsat,367098,,-242006,-242.01,0.7459,0.2541
