solver,cores,year,problem,name,model,time_ms,objective,status
gecode,8,2023,unit-commitment,L12-T48G15L10,Unit-Commitment,1200151,2007106295,Satisfied
gecode,8,2023,roster,chicroster_dataset_12,roster_model,414,19,Optimal
gecode,8,2023,evm-super-compilation,BDARUMA_run_code_of_0_block_284_170_0_input,evmopt-generic,1200000,,Unknown
gecode,8,2023,mrcpsp,j30_54_2,mrcpsp,1200000,,Unknown
gecode,8,2023,chessboard,chessboard_n12_1,chessboard,539550,310,Satisfied
gecode,8,2023,code-generator,mips_gcc.flow.find_regno_partial,unison,6158,6340,Optimal
gecode,8,2023,roster-shifts-bool,s200_e50_c8,bool-model,640,5182,Satisfied
gecode,8,2023,multi-agent-graph-coverage,rnd_n10_p2000_c15_s1,graph-scan-revised,753613,156,Satisfied
gecode,8,2023,test-scheduling,t30m20r3-20,test-scheduling,499,2745,Satisfied
gecode,8,2023,yumi-static,p_5_GG_GGG_yumi_grid_setup_7_7,yumi-static,524258,684,Satisfied
gecode,8,2023,evm-super-compilation,BDARUMA_run_code_of_0_block_108_233_1_extended_input,evmopt-generic,1200000,,Unknown
gecode,8,2023,roster,chicroster_dataset_8,roster_model,8256,7,Optimal
gecode,8,2023,speck-optimisation,easy_1,SPECK-Optimisation,386,1,Optimal
gecode,8,2023,chessboard,chessboard3,chessboard,79469,48,Optimal
gecode,8,2023,vrplc,vrplc11_5_15_s4,vrplc_service,308647,372,Satisfied
gecode,8,2023,gametes,gamete_nl20_m30_778477,gametes,1200000,,Unknown
gecode,8,2023,vrplc,vrplc9_5_15_s2,vrplc_service,791559,483,Satisfied
gecode,8,2023,kidney-exchange,3_20_0.15_3,ccmcp,333,815,Optimal
gecode,8,2023,unit-commitment,L10-T48G10L10,Unit-Commitment,14115,1794555675,Satisfied
gecode,8,2023,multi-agent-graph-coverage,rnd_n40_p1000_c20_s1,graph-scan-revised,1200000,,Unknown
gecode,8,2023,valve-network,horizon19,valve-network,1191226,86,Satisfied
gecode,8,2023,mrcpsp,j30_29_3,mrcpsp,357168,36,Satisfied
gecode,8,2023,test-scheduling,t20m10r10-17,test-scheduling,1941,1069,Optimal
gecode,8,2023,valve-network,horizon28,valve-network,1176610,90,Satisfied
gecode,8,2023,roster,chicroster_dataset_9,roster_model,491,13,Optimal
gecode,8,2023,speck-optimisation,hard_0,SPECK-Optimisation,1200000,,Unknown
gecode,8,2023,travelling-thief,n10_k15_c5000_l10000_u11000_r49,ttp,181885,5134100,Optimal
gecode,8,2023,vrplc,vrplc13_11_20_s4,vrplc_service,1200000,,Unknown
gecode,8,2023,multi-agent-graph-coverage,rnd_n10_p1500_c15_s1,graph-scan-revised,714326,156,Satisfied
gecode,8,2023,elitserien,handball2,handball,7819,2,Optimal
gecode,8,2023,table-layout,p2000_m10_r500_c20,TableLayout,1200000,,Unknown
gecode,8,2023,table-layout,p1000_m10_r200_c15,TableLayout,945312,17037,Satisfied
gecode,8,2023,sudoku_fixed,sudoku_p26,sudoku_fixed,1200000,,Unknown
gecode,8,2023,roster,chicroster_dataset_large_16,roster_model,483986,21,Satisfied
gecode,8,2023,yumi-static,p_7_GGG_GGGG_yumi_grid_setup_3_4,yumi-static,449703,1369,Satisfied
gecode,8,2023,code-generator,mips_mesa.eval.gl_Map1f,unison,1200000,,Unknown
gecode,8,2023,evm-super-compilation,PlaylinkAirdrop_run_code_of_0_block_216_0_input,evmopt-generic,1200000,,Unknown
gecode,8,2023,test-scheduling,t500m50r10-8,test-scheduling,1200000,,Unknown
gecode,8,2023,yumi-static,p_4_SG_SG_yumi_grid_setup_3_3,yumi-static,852314,569,Satisfied
gecode,8,2023,pennies-opt,n8,pennies,23312,7,Optimal
gecode,8,2023,gametes,gamete_nl20_m30_12983649,gametes,1200000,,Unknown
gecode,8,2023,mrcpsp,j30_33_5,mrcpsp,4796,48,Optimal
gecode,8,2023,elitserien,handball8,handball,8027,3,Optimal
gecode,8,2023,table-layout,p2000_m16_r1000_c200,TableLayout,1200000,,Unsatisfiable
gecode,8,2023,test-scheduling,t100m20r3-14,test-scheduling,78813,8994,Satisfied
gecode,8,2023,mrcpsp,j30_41_8,mrcpsp,217,55,Satisfied
gecode,8,2023,mrcpsp,j30_25_5,mrcpsp,1202,27,Optimal
gecode,8,2023,speck-optimisation,easy_3,SPECK-Optimisation,27014,5,Optimal
gecode,8,2023,roster-shifts-bool,large,bool-model,29609,56342,Satisfied
gecode,8,2023,pennies-opt,n5,pennies,352,5,Optimal
gecode,8,2023,gametes,gamete_nl7_m10_134,gametes,1200000,,Unknown
gecode,8,2023,chessboard,chessboard4,chessboard,2038,25,Optimal
gecode,8,2023,sudoku_fixed,sudoku_p48,sudoku_fixed,242,,Optimal
gecode,8,2023,sudoku_fixed,sudoku_p89,sudoku_fixed,1200000,,Unknown
gecode,8,2023,travelling-thief,n20_k3_c10000_l100_u200_r81,ttp,303436,4986489,Satisfied
gecode,8,2023,speck-optimisation,very_hard_5,SPECK-Optimisation,1200000,,Unknown
gecode,8,2023,valve-network,horizon6,valve-network,13349,34,Optimal
gecode,8,2023,kidney-exchange,3_20_0.40_2,ccmcp,24451,1386,Optimal
gecode,8,2023,roster-shifts-bool,small,bool-model,1898,5124,Satisfied
gecode,8,2023,unit-commitment,L3-T6G5L5,Unit-Commitment,767,75950,Optimal
gecode,8,2023,multi-agent-graph-coverage,rnd_n20_p1000_c10_s1,graph-scan-revised,476216,519,Satisfied
gecode,8,2023,yumi-static,p_9_GGGG_GGGGG_yumi_grid_setup_3_4,yumi-static,146089,1442,Satisfied
gecode,8,2023,evm-super-compilation,Kongu_run_code_of_0_block_240_0_input,evmopt-generic,1200000,,Unknown
gecode,8,2023,roster-shifts-bool,s100_e20_c8,bool-model,555,4949,Satisfied
gecode,8,2023,code-generator,mips_gcc.varasm.default_named_section_asm_out_destructor,unison,1200000,,Unknown
gecode,8,2023,elitserien,handball4,handball,7886,2,Optimal
gecode,8,2023,travelling-thief,n20_k20_c1000_l1000_u2000_r46,ttp,2953,3673000,Satisfied
gecode,8,2023,elitserien,handball9,handball,6967,3,Optimal
gecode,8,2023,code-generator,mips_pegwit.ec_vlong.vlShortLshift,unison,7883,306469157,Satisfied
gecode,8,2023,travelling-thief,n20_k15_c5000_l100_u200_r32,ttp,1026889,9767376,Satisfied
gecode,8,2023,code-generator,mips_rasta.mapping.comp_Jboundaries,unison,1200000,,Unknown
gecode,8,2023,unit-commitment,L7-T12G5L5,Unit-Commitment,25991,560950,Satisfied
gecode,8,2023,gametes,gamete_nl7_m10_181,gametes,1200000,,Unknown
gecode,8,2023,multi-agent-graph-coverage,rnd_n75_p1000_c50_s1,graph-scan-revised,1200000,,Unknown
gecode,8,2023,kidney-exchange,3_25_0.10_2,ccmcp,8728,660,Optimal
gecode,8,2023,valve-network,horizon12,valve-network,878662,95,Satisfied
gecode,8,2023,evm-super-compilation,isolated_block_6_0_input,evmopt-generic,1200000,,Unknown
gecode,8,2023,elitserien,handball10,handball,6608,4,Optimal
gecode,8,2023,speck-optimisation,medium_6,SPECK-Optimisation,6589,11,Satisfied
gecode,8,2023,table-layout,p1000_m20_r200_c20,TableLayout,357299,17369,Satisfied
gecode,8,2023,chessboard,chessboard_n39_2,chessboard,66590,392,Satisfied
gecode,8,2023,vrplc,vrplc9_5_10_s2,vrplc_service,337282,329,Optimal
gecode,8,2023,sudoku_fixed,sudoku_p20,sudoku_fixed,1200000,,Unknown
gecode,8,2023,yumi-static,p_4_GG_GG_yumi_grid_setup_7_7,yumi-static,1161633,468,Satisfied
gecode,8,2023,gametes,gamete_nl20_m40_10408565,gametes,1200000,,Unknown
gecode,8,2023,test-scheduling,t50m20r10-17,test-scheduling,6231,4488,Optimal
gecode,8,2023,travelling-thief,n10_k3_c5000_l10000_u10100_r46,ttp,16683,1454500,Optimal
gecode,8,2023,valve-network,horizon20,valve-network,767490,75,Satisfied
gecode,8,2023,vrplc,vrplc10_5_20_s3,vrplc_service,1200000,,Unknown
gecode,8,2023,sudoku_fixed,sudoku_p28,sudoku_fixed,1200000,,Unknown
gecode,8,2023,pennies-opt,n7,pennies,895,7,Optimal
gecode,8,2023,chessboard,chessboard_n9_1,chessboard,1196482,197,Satisfied
gecode,8,2023,pennies-opt,n9,pennies,163201,8,Optimal
gecode,8,2023,roster,chicroster_dataset_10,roster_model,559,18,Optimal
gecode,8,2023,roster-shifts-bool,s50_e50_c3,bool-model,578,5272,Satisfied
gecode,8,2023,kidney-exchange,3_20_0.30_4,ccmcp,4964,1494,Optimal
gecode,8,2023,unit-commitment,L15-T48G30L15,Unit-Commitment,1200000,,Unknown
gecode,8,2023,table-layout,p1000_m3_r100_c10,TableLayout,13052,8137,Optimal
gecode,8,2023,pennies-opt,n12,pennies,885,10,Satisfied
gecode,8,2023,kidney-exchange,3_25_0.15_4,ccmcp,112409,1152,Optimal
gecode,4,2023,roster-shifts-bool,s200_e50_c8,bool-model,449,5182,Satisfied
gecode,4,2023,speck-optimisation,hard_0,SPECK-Optimisation,1200000,,Unknown
gecode,4,2023,roster-shifts-bool,large,bool-model,23859,56342,Satisfied
gecode,4,2023,multi-agent-graph-coverage,rnd_n75_p1000_c50_s1,graph-scan-revised,1200000,,Unknown
gecode,4,2023,pennies-opt,n9,pennies,186833,8,Optimal
gecode,4,2023,valve-network,horizon6,valve-network,12644,34,Optimal
gecode,4,2023,travelling-thief,n10_k3_c5000_l10000_u10100_r46,ttp,14559,1454500,Optimal
gecode,4,2023,yumi-static,p_5_GG_GGG_yumi_grid_setup_7_7,yumi-static,1692,722,Satisfied
gecode,4,2023,elitserien,handball2,handball,12952,2,Optimal
gecode,4,2023,gametes,gamete_nl7_m10_134,gametes,1200000,,Unknown
gecode,4,2023,sudoku_fixed,sudoku_p20,sudoku_fixed,1200000,,Unknown
gecode,4,2023,travelling-thief,n20_k15_c5000_l100_u200_r32,ttp,617316,9767376,Satisfied
gecode,4,2023,roster,chicroster_dataset_12,roster_model,453,19,Optimal
gecode,4,2023,roster-shifts-bool,small,bool-model,1370,5124,Satisfied
gecode,4,2023,gametes,gamete_nl20_m30_778477,gametes,1200000,,Unknown
gecode,4,2023,table-layout,p2000_m10_r500_c20,TableLayout,140043,36550,Satisfied
gecode,4,2023,sudoku_fixed,sudoku_p28,sudoku_fixed,1200000,,Unknown
gecode,4,2023,valve-network,horizon28,valve-network,526235,75,Satisfied
gecode,4,2023,elitserien,handball10,handball,10208,4,Optimal
gecode,4,2023,valve-network,horizon12,valve-network,1161000,90,Satisfied
gecode,4,2023,unit-commitment,L7-T12G5L5,Unit-Commitment,342,5220100,Satisfied
gecode,4,2023,kidney-exchange,3_20_0.40_2,ccmcp,18588,1386,Optimal
gecode,4,2023,pennies-opt,n5,pennies,264,5,Optimal
gecode,4,2023,vrplc,vrplc11_5_15_s4,vrplc_service,1128823,364,Satisfied
gecode,4,2023,chessboard,chessboard3,chessboard,87094,48,Optimal
gecode,4,2023,test-scheduling,t500m50r10-8,test-scheduling,1200000,,Unknown
gecode,4,2023,roster,chicroster_dataset_large_16,roster_model,153905,22,Satisfied
gecode,4,2023,test-scheduling,t100m20r3-14,test-scheduling,47135,8994,Satisfied
gecode,4,2023,test-scheduling,t20m10r10-17,test-scheduling,1141,1069,Optimal
gecode,4,2023,valve-network,horizon19,valve-network,1129137,83,Satisfied
gecode,4,2023,unit-commitment,L12-T48G15L10,Unit-Commitment,1200139,2110612420,Satisfied
gecode,4,2023,valve-network,horizon20,valve-network,296995,75,Satisfied
gecode,4,2023,travelling-thief,n10_k15_c5000_l10000_u11000_r49,ttp,180714,5134100,Optimal
gecode,4,2023,elitserien,handball8,handball,13152,3,Optimal
gecode,4,2023,speck-optimisation,medium_6,SPECK-Optimisation,5865,15,Satisfied
gecode,4,2023,sudoku_fixed,sudoku_p26,sudoku_fixed,1200000,,Unknown
gecode,4,2023,pennies-opt,n8,pennies,25136,7,Optimal
gecode,4,2023,mrcpsp,j30_29_3,mrcpsp,872770,36,Satisfied
gecode,4,2023,table-layout,p1000_m10_r200_c15,TableLayout,898567,17020,Satisfied
gecode,4,2023,vrplc,vrplc10_5_20_s3,vrplc_service,1200000,,Unknown
gecode,4,2023,kidney-exchange,3_20_0.15_3,ccmcp,330,815,Optimal
gecode,4,2023,code-generator,mips_rasta.mapping.comp_Jboundaries,unison,132866,13017,Satisfied
gecode,4,2023,mrcpsp,j30_33_5,mrcpsp,4676,48,Optimal
gecode,4,2023,table-layout,p2000_m16_r1000_c200,TableLayout,1200000,,Unsatisfiable
gecode,4,2023,test-scheduling,t50m20r10-17,test-scheduling,3986,4488,Optimal
gecode,4,2023,speck-optimisation,easy_3,SPECK-Optimisation,114265,5,Optimal
gecode,4,2023,sudoku_fixed,sudoku_p89,sudoku_fixed,1200000,,Unknown
gecode,4,2023,unit-commitment,L10-T48G10L10,Unit-Commitment,10237,1791532075,Satisfied
gecode,4,2023,unit-commitment,L15-T48G30L15,Unit-Commitment,1200000,,Unknown
gecode,4,2023,code-generator,mips_pegwit.ec_vlong.vlShortLshift,unison,6032,306469157,Satisfied
gecode,4,2023,roster,chicroster_dataset_10,roster_model,443,18,Optimal
gecode,4,2023,roster,chicroster_dataset_8,roster_model,11631,7,Optimal
gecode,4,2023,evm-super-compilation,Kongu_run_code_of_0_block_240_0_input,evmopt-generic,1200000,,Unknown
gecode,4,2023,chessboard,chessboard_n9_1,chessboard,724175,197,Satisfied
gecode,4,2023,multi-agent-graph-coverage,rnd_n10_p2000_c15_s1,graph-scan-revised,819333,156,Satisfied
gecode,4,2023,code-generator,mips_gcc.flow.find_regno_partial,unison,4772,6340,Optimal
gecode,4,2023,travelling-thief,n20_k20_c1000_l1000_u2000_r46,ttp,2401,3673000,Satisfied
gecode,4,2023,roster-shifts-bool,s50_e50_c3,bool-model,427,5272,Satisfied
gecode,4,2023,chessboard,chessboard4,chessboard,1753,25,Optimal
gecode,4,2023,gametes,gamete_nl20_m30_12983649,gametes,1200000,,Unknown
gecode,4,2023,chessboard,chessboard_n12_1,chessboard,925996,316,Satisfied
gecode,4,2023,roster,chicroster_dataset_9,roster_model,414,13,Optimal
gecode,4,2023,speck-optimisation,very_hard_5,SPECK-Optimisation,1200000,,Unknown
gecode,4,2023,evm-super-compilation,isolated_block_6_0_input,evmopt-generic,1200000,,Unknown
gecode,4,2023,yumi-static,p_9_GGGG_GGGGG_yumi_grid_setup_3_4,yumi-static,41428,1442,Satisfied
gecode,4,2023,vrplc,vrplc13_11_20_s4,vrplc_service,1200000,,Unknown
gecode,4,2023,gametes,gamete_nl20_m40_10408565,gametes,1200000,,Unknown
gecode,4,2023,mrcpsp,j30_41_8,mrcpsp,181,55,Satisfied
gecode,4,2023,gametes,gamete_nl7_m10_181,gametes,1200000,,Unknown
gecode,4,2023,yumi-static,p_7_GGG_GGGG_yumi_grid_setup_3_4,yumi-static,1198194,1377,Satisfied
gecode,4,2023,elitserien,handball4,handball,11218,2,Optimal
gecode,4,2023,table-layout,p1000_m20_r200_c20,TableLayout,217614,17369,Satisfied
gecode,4,2023,code-generator,mips_mesa.eval.gl_Map1f,unison,1200000,,Unknown
gecode,4,2023,evm-super-compilation,BDARUMA_run_code_of_0_block_284_170_0_input,evmopt-generic,1200000,,Unknown
gecode,4,2023,elitserien,handball9,handball,10640,3,Optimal
gecode,4,2023,multi-agent-graph-coverage,rnd_n10_p1500_c15_s1,graph-scan-revised,512024,156,Satisfied
gecode,4,2023,vrplc,vrplc9_5_15_s2,vrplc_service,806666,483,Satisfied
gecode,4,2023,mrcpsp,j30_25_5,mrcpsp,16844,27,Optimal
gecode,4,2023,multi-agent-graph-coverage,rnd_n20_p1000_c10_s1,graph-scan-revised,308056,519,Satisfied
gecode,4,2023,kidney-exchange,3_25_0.15_4,ccmcp,57315,1152,Optimal
gecode,4,2023,pennies-opt,n7,pennies,493,7,Optimal
gecode,4,2023,evm-super-compilation,PlaylinkAirdrop_run_code_of_0_block_216_0_input,evmopt-generic,1200000,,Unknown
gecode,4,2023,unit-commitment,L3-T6G5L5,Unit-Commitment,858,75950,Optimal
gecode,4,2023,multi-agent-graph-coverage,rnd_n40_p1000_c20_s1,graph-scan-revised,1200000,,Unknown
gecode,4,2023,sudoku_fixed,sudoku_p48,sudoku_fixed,234,,Optimal
gecode,4,2023,yumi-static,p_4_SG_SG_yumi_grid_setup_3_3,yumi-static,572337,658,Satisfied
gecode,4,2023,vrplc,vrplc9_5_10_s2,vrplc_service,421018,329,Optimal
gecode,4,2023,roster-shifts-bool,s100_e20_c8,bool-model,456,4955,Satisfied
gecode,4,2023,pennies-opt,n12,pennies,993,10,Satisfied
gecode,4,2023,code-generator,mips_gcc.varasm.default_named_section_asm_out_destructor,unison,1200000,,Unknown
gecode,4,2023,evm-super-compilation,BDARUMA_run_code_of_0_block_108_233_1_extended_input,evmopt-generic,1200000,,Unknown
gecode,4,2023,travelling-thief,n20_k3_c10000_l100_u200_r81,ttp,158027,4986408,Satisfied
gecode,4,2023,chessboard,chessboard_n39_2,chessboard,49081,392,Satisfied
gecode,4,2023,speck-optimisation,easy_1,SPECK-Optimisation,278,1,Optimal
gecode,4,2023,mrcpsp,j30_54_2,mrcpsp,1200000,,Unknown
gecode,4,2023,kidney-exchange,3_25_0.10_2,ccmcp,5018,660,Optimal
gecode,4,2023,kidney-exchange,3_20_0.30_4,ccmcp,3013,1494,Optimal
gecode,4,2023,table-layout,p1000_m3_r100_c10,TableLayout,9793,8137,Optimal
gecode,4,2023,test-scheduling,t30m20r3-20,test-scheduling,283,2745,Satisfied
gecode,4,2023,yumi-static,p_4_GG_GG_yumi_grid_setup_7_7,yumi-static,906064,515,Satisfied
gecode,1,2023,code-generator,mips_rasta.mapping.comp_Jboundaries,unison,1200000,,Unknown
gecode,1,2023,sudoku_fixed,sudoku_p28,sudoku_fixed,1200000,,Unknown
gecode,1,2023,table-layout,p1000_m10_r200_c15,TableLayout,1080591,17023,Satisfied
gecode,1,2023,multi-agent-graph-coverage,rnd_n10_p2000_c15_s1,graph-scan-revised,1196776,209,Satisfied
gecode,1,2023,sudoku_fixed,sudoku_p20,sudoku_fixed,1200000,,Unknown
gecode,1,2023,valve-network,horizon19,valve-network,769573,57,Satisfied
gecode,1,2023,roster-shifts-bool,s100_e20_c8,bool-model,682,4949,Satisfied
gecode,1,2023,table-layout,p2000_m10_r500_c20,TableLayout,160159,36550,Satisfied
gecode,1,2023,valve-network,horizon28,valve-network,828317,57,Satisfied
gecode,1,2023,kidney-exchange,3_25_0.10_2,ccmcp,42039,660,Optimal
gecode,1,2023,unit-commitment,L10-T48G10L10,Unit-Commitment,2201,2145539975,Satisfied
gecode,1,2023,elitserien,handball9,handball,27365,3,Optimal
gecode,1,2023,vrplc,vrplc11_5_15_s4,vrplc_service,901656,376,Satisfied
gecode,1,2023,elitserien,handball10,handball,24460,4,Optimal
gecode,1,2023,evm-super-compilation,BDARUMA_run_code_of_0_block_108_233_1_extended_input,evmopt-generic,1200000,,Unknown
gecode,1,2023,code-generator,mips_gcc.varasm.default_named_section_asm_out_destructor,unison,1200000,,Unknown
gecode,1,2023,mrcpsp,j30_54_2,mrcpsp,1200000,,Unknown
gecode,1,2023,kidney-exchange,3_25_0.15_4,ccmcp,116542,1152,Optimal
gecode,1,2023,kidney-exchange,3_20_0.40_2,ccmcp,132433,1386,Optimal
gecode,1,2023,test-scheduling,t30m20r3-20,test-scheduling,413,2745,Satisfied
gecode,1,2023,vrplc,vrplc9_5_15_s2,vrplc_service,678578,525,Satisfied
gecode,1,2023,vrplc,vrplc9_5_10_s2,vrplc_service,493670,329,Satisfied
gecode,1,2023,gametes,gamete_nl20_m40_10408565,gametes,1200000,,Unknown
gecode,1,2023,multi-agent-graph-coverage,rnd_n20_p1000_c10_s1,graph-scan-revised,2207,530,Satisfied
gecode,1,2023,roster-shifts-bool,s50_e50_c3,bool-model,723,5272,Satisfied
gecode,1,2023,evm-super-compilation,BDARUMA_run_code_of_0_block_284_170_0_input,evmopt-generic,1200000,,Unknown
gecode,1,2023,pennies-opt,n7,pennies,2121,7,Optimal
gecode,1,2023,code-generator,mips_gcc.flow.find_regno_partial,unison,6548,6340,Optimal
gecode,1,2023,speck-optimisation,hard_0,SPECK-Optimisation,1200000,,Unknown
gecode,1,2023,gametes,gamete_nl7_m10_134,gametes,1200000,,Unknown
gecode,1,2023,sudoku_fixed,sudoku_p89,sudoku_fixed,1200000,,Unknown
gecode,1,2023,elitserien,handball4,handball,31853,2,Optimal
gecode,1,2023,chessboard,chessboard3,chessboard,372998,48,Optimal
gecode,1,2023,table-layout,p1000_m20_r200_c20,TableLayout,263780,17369,Satisfied
gecode,1,2023,mrcpsp,j30_25_5,mrcpsp,62695,27,Optimal
gecode,1,2023,evm-super-compilation,isolated_block_6_0_input,evmopt-generic,1200000,,Unknown
gecode,1,2023,pennies-opt,n8,pennies,114100,7,Optimal
gecode,1,2023,vrplc,vrplc13_11_20_s4,vrplc_service,1200000,,Unknown
gecode,1,2023,yumi-static,p_4_GG_GG_yumi_grid_setup_7_7,yumi-static,1174151,563,Satisfied
gecode,1,2023,roster,chicroster_dataset_8,roster_model,39072,7,Optimal
gecode,1,2023,yumi-static,p_5_GG_GGG_yumi_grid_setup_7_7,yumi-static,85104,722,Satisfied
gecode,1,2023,pennies-opt,n12,pennies,2434,10,Satisfied
gecode,1,2023,mrcpsp,j30_29_3,mrcpsp,326,37,Satisfied
gecode,1,2023,roster-shifts-bool,s200_e50_c8,bool-model,684,5182,Satisfied
gecode,1,2023,gametes,gamete_nl20_m30_778477,gametes,1200000,,Unknown
gecode,1,2023,test-scheduling,t20m10r10-17,test-scheduling,2260,1069,Optimal
gecode,1,2023,unit-commitment,L12-T48G15L10,Unit-Commitment,1200000,,Unknown
gecode,1,2023,mrcpsp,j30_41_8,mrcpsp,243,55,Satisfied
gecode,1,2023,yumi-static,p_7_GGG_GGGG_yumi_grid_setup_3_4,yumi-static,290252,1393,Satisfied
gecode,1,2023,valve-network,horizon20,valve-network,687521,57,Satisfied
gecode,1,2023,sudoku_fixed,sudoku_p26,sudoku_fixed,1200000,,Unknown
gecode,1,2023,yumi-static,p_4_SG_SG_yumi_grid_setup_3_3,yumi-static,927790,658,Satisfied
gecode,1,2023,pennies-opt,n9,pennies,1058352,8,Optimal
gecode,1,2023,travelling-thief,n10_k3_c5000_l10000_u10100_r46,ttp,87123,1454500,Optimal
gecode,1,2023,test-scheduling,t500m50r10-8,test-scheduling,1200000,,Unknown
gecode,1,2023,valve-network,horizon6,valve-network,48831,34,Optimal
gecode,1,2023,gametes,gamete_nl7_m10_181,gametes,1200000,,Unknown
gecode,1,2023,roster,chicroster_dataset_large_16,roster_model,75341,24,Satisfied
gecode,1,2023,table-layout,p1000_m3_r100_c10,TableLayout,9196,8137,Optimal
gecode,1,2023,multi-agent-graph-coverage,rnd_n40_p1000_c20_s1,graph-scan-revised,1200000,,Unknown
gecode,1,2023,sudoku_fixed,sudoku_p48,sudoku_fixed,369,,Optimal
gecode,1,2023,speck-optimisation,medium_6,SPECK-Optimisation,103873,15,Satisfied
gecode,1,2023,travelling-thief,n20_k15_c5000_l100_u200_r32,ttp,746348,9767280,Satisfied
gecode,1,2023,kidney-exchange,3_20_0.30_4,ccmcp,9623,1494,Optimal
gecode,1,2023,vrplc,vrplc10_5_20_s3,vrplc_service,1200000,,Unknown
gecode,1,2023,roster,chicroster_dataset_10,roster_model,599,18,Optimal
gecode,1,2023,mrcpsp,j30_33_5,mrcpsp,11302,48,Optimal
gecode,1,2023,yumi-static,p_9_GGGG_GGGGG_yumi_grid_setup_3_4,yumi-static,186697,1442,Satisfied
gecode,1,2023,speck-optimisation,easy_1,SPECK-Optimisation,303,1,Optimal
gecode,1,2023,code-generator,mips_mesa.eval.gl_Map1f,unison,1200000,,Unknown
gecode,1,2023,chessboard,chessboard_n9_1,chessboard,1114576,197,Satisfied
gecode,1,2023,test-scheduling,t50m20r10-17,test-scheduling,4253,4488,Optimal
gecode,1,2023,evm-super-compilation,Kongu_run_code_of_0_block_240_0_input,evmopt-generic,1200000,,Unknown
gecode,1,2023,travelling-thief,n20_k20_c1000_l1000_u2000_r46,ttp,4140,3673000,Satisfied
gecode,1,2023,travelling-thief,n10_k15_c5000_l10000_u11000_r49,ttp,1132757,5134100,Optimal
gecode,1,2023,pennies-opt,n5,pennies,411,5,Optimal
gecode,1,2023,evm-super-compilation,PlaylinkAirdrop_run_code_of_0_block_216_0_input,evmopt-generic,1200000,,Unknown
gecode,1,2023,unit-commitment,L15-T48G30L15,Unit-Commitment,1200000,,Unknown
gecode,1,2023,kidney-exchange,3_20_0.15_3,ccmcp,739,815,Optimal
gecode,1,2023,roster,chicroster_dataset_12,roster_model,527,21,Satisfied
gecode,1,2023,unit-commitment,L3-T6G5L5,Unit-Commitment,4166,75950,Optimal
gecode,1,2023,unit-commitment,L7-T12G5L5,Unit-Commitment,45334,5220100,Satisfied
gecode,1,2023,roster,chicroster_dataset_9,roster_model,2055,13,Optimal
gecode,1,2023,valve-network,horizon12,valve-network,668499,57,Satisfied
gecode,1,2023,elitserien,handball8,handball,35353,3,Optimal
gecode,1,2023,table-layout,p2000_m16_r1000_c200,TableLayout,1200000,,Unsatisfiable
gecode,1,2023,test-scheduling,t100m20r3-14,test-scheduling,70853,8994,Satisfied
gecode,1,2023,elitserien,handball2,handball,38014,2,Optimal
gecode,1,2023,chessboard,chessboard4,chessboard,6649,25,Optimal
gecode,1,2023,roster-shifts-bool,small,bool-model,2103,5124,Satisfied
gecode,1,2023,chessboard,chessboard_n39_2,chessboard,55544,392,Satisfied
gecode,1,2023,travelling-thief,n20_k3_c10000_l100_u200_r81,ttp,4292,4986327,Satisfied
gecode,1,2023,speck-optimisation,very_hard_5,SPECK-Optimisation,1200000,,Unknown
gecode,1,2023,gametes,gamete_nl20_m30_12983649,gametes,1200000,,Unknown
gecode,1,2023,multi-agent-graph-coverage,rnd_n75_p1000_c50_s1,graph-scan-revised,1200000,,Unknown
gecode,1,2023,chessboard,chessboard_n12_1,chessboard,29059,309,Satisfied
gecode,1,2023,multi-agent-graph-coverage,rnd_n10_p1500_c15_s1,graph-scan-revised,1099280,210,Satisfied
gecode,1,2023,code-generator,mips_pegwit.ec_vlong.vlShortLshift,unison,10199,306469157,Satisfied
gecode,1,2023,roster-shifts-bool,large,bool-model,32902,56342,Satisfied
gecode,1,2023,speck-optimisation,easy_3,SPECK-Optimisation,768478,5,Optimal
gecode,2,2023,valve-network,horizon20,valve-network,843413,75,Satisfied
gecode,2,2023,chessboard,chessboard_n9_1,chessboard,760253,197,Satisfied
gecode,2,2023,mrcpsp,j30_29_3,mrcpsp,209,37,Satisfied
gecode,2,2023,yumi-static,p_5_GG_GGG_yumi_grid_setup_7_7,yumi-static,1228,722,Satisfied
gecode,2,2023,evm-super-compilation,isolated_block_6_0_input,evmopt-generic,1200000,,Unknown
gecode,2,2023,gametes,gamete_nl7_m10_134,gametes,1200000,,Unknown
gecode,2,2023,yumi-static,p_4_GG_GG_yumi_grid_setup_7_7,yumi-static,1007292,517,Satisfied
gecode,2,2023,code-generator,mips_rasta.mapping.comp_Jboundaries,unison,140338,13017,Satisfied
gecode,2,2023,pennies-opt,n7,pennies,1010,7,Optimal
gecode,2,2023,yumi-static,p_9_GGGG_GGGGG_yumi_grid_setup_3_4,yumi-static,96677,1442,Satisfied
gecode,2,2023,chessboard,chessboard_n12_1,chessboard,15003,309,Satisfied
gecode,2,2023,code-generator,mips_gcc.flow.find_regno_partial,unison,5713,6340,Optimal
gecode,2,2023,evm-super-compilation,PlaylinkAirdrop_run_code_of_0_block_216_0_input,evmopt-generic,1200000,,Unknown
gecode,2,2023,vrplc,vrplc9_5_15_s2,vrplc_service,1106377,483,Satisfied
gecode,2,2023,gametes,gamete_nl20_m30_12983649,gametes,1200000,,Unknown
gecode,2,2023,test-scheduling,t100m20r3-14,test-scheduling,47682,8994,Satisfied
gecode,2,2023,code-generator,mips_mesa.eval.gl_Map1f,unison,1200000,,Unknown
gecode,2,2023,chessboard,chessboard4,chessboard,3697,25,Optimal
gecode,2,2023,kidney-exchange,3_25_0.10_2,ccmcp,7339,660,Optimal
gecode,2,2023,code-generator,mips_pegwit.ec_vlong.vlShortLshift,unison,7033,306469157,Satisfied
gecode,2,2023,multi-agent-graph-coverage,rnd_n10_p2000_c15_s1,graph-scan-revised,1181912,156,Satisfied
gecode,2,2023,table-layout,p2000_m16_r1000_c200,TableLayout,1200000,,Unsatisfiable
gecode,2,2023,unit-commitment,L12-T48G15L10,Unit-Commitment,1200000,,Unknown
gecode,2,2023,kidney-exchange,3_20_0.30_4,ccmcp,3335,1494,Optimal
gecode,2,2023,mrcpsp,j30_33_5,mrcpsp,6182,48,Optimal
gecode,2,2023,travelling-thief,n20_k15_c5000_l100_u200_r32,ttp,662047,9767312,Satisfied
gecode,2,2023,table-layout,p1000_m20_r200_c20,TableLayout,1046109,17354,Satisfied
gecode,2,2023,pennies-opt,n8,pennies,45648,7,Optimal
gecode,2,2023,test-scheduling,t20m10r10-17,test-scheduling,1282,1069,Optimal
gecode,2,2023,unit-commitment,L15-T48G30L15,Unit-Commitment,1200000,,Unknown
gecode,2,2023,travelling-thief,n20_k20_c1000_l1000_u2000_r46,ttp,2958,3673000,Satisfied
gecode,2,2023,valve-network,horizon19,valve-network,873974,75,Satisfied
gecode,2,2023,multi-agent-graph-coverage,rnd_n75_p1000_c50_s1,graph-scan-revised,1200000,,Unknown
gecode,2,2023,mrcpsp,j30_54_2,mrcpsp,1200000,,Unknown
gecode,2,2023,yumi-static,p_7_GGG_GGGG_yumi_grid_setup_3_4,yumi-static,1172006,1384,Satisfied
gecode,2,2023,vrplc,vrplc9_5_10_s2,vrplc_service,957653,329,Optimal
gecode,2,2023,roster,chicroster_dataset_12,roster_model,408,19,Optimal
gecode,2,2023,kidney-exchange,3_20_0.40_2,ccmcp,43090,1386,Optimal
gecode,2,2023,pennies-opt,n12,pennies,1175,10,Satisfied
gecode,2,2023,roster-shifts-bool,large,bool-model,30632,56342,Satisfied
gecode,2,2023,roster,chicroster_dataset_9,roster_model,401,13,Optimal
gecode,2,2023,roster-shifts-bool,s200_e50_c8,bool-model,551,5182,Satisfied
gecode,2,2023,table-layout,p1000_m3_r100_c10,TableLayout,10388,8137,Optimal
gecode,2,2023,evm-super-compilation,BDARUMA_run_code_of_0_block_284_170_0_input,evmopt-generic,1200000,,Unknown
gecode,2,2023,pennies-opt,n5,pennies,289,5,Optimal
gecode,2,2023,speck-optimisation,hard_0,SPECK-Optimisation,1200000,,Unknown
gecode,2,2023,unit-commitment,L3-T6G5L5,Unit-Commitment,1637,75950,Optimal
gecode,2,2023,test-scheduling,t30m20r3-20,test-scheduling,325,2745,Satisfied
gecode,2,2023,gametes,gamete_nl20_m30_778477,gametes,1200000,,Unknown
gecode,2,2023,elitserien,handball10,handball,15645,4,Optimal
gecode,2,2023,sudoku_fixed,sudoku_p89,sudoku_fixed,1200000,,Unknown
gecode,2,2023,roster-shifts-bool,s50_e50_c3,bool-model,530,5272,Satisfied
gecode,2,2023,multi-agent-graph-coverage,rnd_n40_p1000_c20_s1,graph-scan-revised,1200000,,Unknown
gecode,2,2023,travelling-thief,n10_k3_c5000_l10000_u10100_r46,ttp,33737,1454500,Optimal
gecode,2,2023,elitserien,handball2,handball,21836,2,Optimal
gecode,2,2023,vrplc,vrplc10_5_20_s3,vrplc_service,1200000,,Unknown
gecode,2,2023,kidney-exchange,3_20_0.15_3,ccmcp,335,815,Optimal
gecode,2,2023,unit-commitment,L10-T48G10L10,Unit-Commitment,26663,2037533975,Satisfied
gecode,2,2023,pennies-opt,n9,pennies,338952,8,Optimal
gecode,2,2023,mrcpsp,j30_41_8,mrcpsp,187,55,Satisfied
gecode,2,2023,elitserien,handball8,handball,22951,3,Optimal
gecode,2,2023,multi-agent-graph-coverage,rnd_n20_p1000_c10_s1,graph-scan-revised,507790,519,Satisfied
gecode,2,2023,code-generator,mips_gcc.varasm.default_named_section_asm_out_destructor,unison,1200000,,Unknown
gecode,2,2023,roster,chicroster_dataset_8,roster_model,9655,7,Optimal
gecode,2,2023,sudoku_fixed,sudoku_p20,sudoku_fixed,1200000,,Unknown
gecode,2,2023,test-scheduling,t50m20r10-17,test-scheduling,3467,4488,Optimal
gecode,2,2023,table-layout,p1000_m10_r200_c15,TableLayout,1015205,17020,Satisfied
gecode,2,2023,speck-optimisation,medium_6,SPECK-Optimisation,24909,15,Satisfied
gecode,2,2023,table-layout,p2000_m10_r500_c20,TableLayout,150143,36550,Satisfied
gecode,2,2023,unit-commitment,L7-T12G5L5,Unit-Commitment,17528,5220100,Satisfied
gecode,2,2023,sudoku_fixed,sudoku_p26,sudoku_fixed,1200000,,Unknown
gecode,2,2023,speck-optimisation,very_hard_5,SPECK-Optimisation,1200000,,Unknown
gecode,2,2023,roster-shifts-bool,s100_e20_c8,bool-model,526,4949,Satisfied
gecode,2,2023,chessboard,chessboard_n39_2,chessboard,55803,392,Satisfied
gecode,2,2023,evm-super-compilation,Kongu_run_code_of_0_block_240_0_input,evmopt-generic,1200000,,Unknown
gecode,2,2023,vrplc,vrplc11_5_15_s4,vrplc_service,562638,376,Satisfied
gecode,2,2023,valve-network,horizon28,valve-network,1018657,75,Satisfied
gecode,2,2023,sudoku_fixed,sudoku_p28,sudoku_fixed,1200000,,Unknown
gecode,2,2023,chessboard,chessboard3,chessboard,201843,48,Optimal
gecode,2,2023,elitserien,handball9,handball,18782,3,Optimal
gecode,2,2023,travelling-thief,n10_k15_c5000_l10000_u11000_r49,ttp,422836,5134100,Optimal
gecode,2,2023,speck-optimisation,easy_1,SPECK-Optimisation,314,1,Optimal
gecode,2,2023,valve-network,horizon12,valve-network,845430,75,Satisfied
gecode,2,2023,vrplc,vrplc13_11_20_s4,vrplc_service,1200000,,Unknown
gecode,2,2023,elitserien,handball4,handball,15570,2,Optimal
gecode,2,2023,yumi-static,p_4_SG_SG_yumi_grid_setup_3_3,yumi-static,564015,658,Satisfied
gecode,2,2023,gametes,gamete_nl7_m10_181,gametes,1200000,,Unknown
gecode,2,2023,kidney-exchange,3_25_0.15_4,ccmcp,44368,1152,Optimal
gecode,2,2023,evm-super-compilation,BDARUMA_run_code_of_0_block_108_233_1_extended_input,evmopt-generic,1200000,,Unknown
gecode,2,2023,roster-shifts-bool,small,bool-model,1708,5124,Satisfied
gecode,2,2023,test-scheduling,t500m50r10-8,test-scheduling,1200000,,Unknown
gecode,2,2023,sudoku_fixed,sudoku_p48,sudoku_fixed,267,,Optimal
gecode,2,2023,roster,chicroster_dataset_10,roster_model,398,18,Optimal
gecode,2,2023,travelling-thief,n20_k3_c10000_l100_u200_r81,ttp,3135,4986327,Satisfied
gecode,2,2023,gametes,gamete_nl20_m40_10408565,gametes,1200000,,Unknown
gecode,2,2023,valve-network,horizon6,valve-network,28209,34,Optimal
gecode,2,2023,speck-optimisation,easy_3,SPECK-Optimisation,58747,5,Optimal
gecode,2,2023,multi-agent-graph-coverage,rnd_n10_p1500_c15_s1,graph-scan-revised,625436,166,Satisfied
gecode,2,2023,mrcpsp,j30_25_5,mrcpsp,26800,27,Optimal
gecode,2,2023,roster,chicroster_dataset_large_16,roster_model,79620,23,Satisfied
CPLEX,4,2023,evm-super-compilation,Kongu_run_code_of_0_block_240_0_input,evmopt-generic,1200000,,Unknown
CPLEX,4,2023,code-generator,mips_mesa.eval.gl_Map1f,unison,1200000,,Unknown
CPLEX,4,2023,mrcpsp,j30_29_3,mrcpsp,29916,33,Satisfied
CPLEX,4,2023,multi-agent-graph-coverage,rnd_n10_p1500_c15_s1,graph-scan-revised,90155,147,Optimal
CPLEX,4,2023,yumi-static,p_5_GG_GGG_yumi_grid_setup_7_7,yumi-static,1159885,720,Satisfied
CPLEX,4,2023,pennies-opt,n7,pennies,1612,6,Satisfied
CPLEX,4,2023,pennies-opt,n9,pennies,33103,6,Satisfied
CPLEX,4,2023,vrplc,vrplc11_5_15_s4,vrplc_service,1200000,,Unknown
CPLEX,4,2023,roster,chicroster_dataset_10,roster_model,666,18,Optimal
CPLEX,4,2023,test-scheduling,t50m20r10-17,test-scheduling,598619,14591,Satisfied
CPLEX,4,2023,speck-optimisation,hard_0,SPECK-Optimisation,589684,56,Satisfied
CPLEX,4,2023,yumi-static,p_7_GGG_GGGG_yumi_grid_setup_3_4,yumi-static,984495,972,Satisfied
CPLEX,4,2023,elitserien,handball4,handball,1200000,,Unknown
CPLEX,4,2023,gametes,gamete_nl20_m40_10408565,gametes,1200000,,Unknown
CPLEX,4,2023,unit-commitment,L3-T6G5L5,Unit-Commitment,188,75950,Optimal
CPLEX,4,2023,valve-network,horizon20,valve-network,643926,994,Satisfied
CPLEX,4,2023,chessboard,chessboard_n39_2,chessboard,1203239,620,Satisfied
CPLEX,4,2023,speck-optimisation,very_hard_5,SPECK-Optimisation,1200000,,Unknown
CPLEX,4,2023,test-scheduling,t100m20r3-14,test-scheduling,1200000,,Unknown
CPLEX,4,2023,multi-agent-graph-coverage,rnd_n20_p1000_c10_s1,graph-scan-revised,1092493,257,Satisfied
CPLEX,4,2023,pennies-opt,n8,pennies,33220,7,Satisfied
CPLEX,4,2023,vrplc,vrplc9_5_15_s2,vrplc_service,1200000,,Unknown
CPLEX,4,2023,multi-agent-graph-coverage,rnd_n40_p1000_c20_s1,graph-scan-revised,1163151,2784,Satisfied
CPLEX,4,2023,yumi-static,p_4_GG_GG_yumi_grid_setup_7_7,yumi-static,620070,517,Satisfied
CPLEX,4,2023,roster,chicroster_dataset_large_16,roster_model,781,0,Optimal
CPLEX,4,2023,evm-super-compilation,BDARUMA_run_code_of_0_block_284_170_0_input,evmopt-generic,2754,11,Optimal
CPLEX,4,2023,table-layout,p2000_m10_r500_c20,TableLayout,681375,6211,Optimal
CPLEX,4,2023,mrcpsp,j30_54_2,mrcpsp,919604,28,Optimal
CPLEX,4,2023,code-generator,mips_pegwit.ec_vlong.vlShortLshift,unison,192964,306469157,Optimal
CPLEX,4,2023,unit-commitment,L15-T48G30L15,Unit-Commitment,319782,23003760,Optimal
CPLEX,4,2023,gametes,gamete_nl7_m10_181,gametes,307254,5,Satisfied
CPLEX,4,2023,elitserien,handball10,handball,1200000,,Unknown
CPLEX,4,2023,valve-network,horizon12,valve-network,178553,356,Optimal
CPLEX,4,2023,mrcpsp,j30_41_8,mrcpsp,120836,30,Optimal
CPLEX,4,2023,yumi-static,p_4_SG_SG_yumi_grid_setup_3_3,yumi-static,1180420,605,Satisfied
CPLEX,4,2023,travelling-thief,n10_k15_c5000_l10000_u11000_r49,ttp,9992,5134100,Optimal
CPLEX,4,2023,multi-agent-graph-coverage,rnd_n10_p2000_c15_s1,graph-scan-revised,89223,149,Optimal
CPLEX,4,2023,table-layout,p1000_m3_r100_c10,TableLayout,816,8137,Optimal
CPLEX,4,2023,unit-commitment,L12-T48G15L10,Unit-Commitment,3088,1480000,Optimal
CPLEX,4,2023,kidney-exchange,3_25_0.15_4,ccmcp,117377,1152,Optimal
CPLEX,4,2023,code-generator,mips_rasta.mapping.comp_Jboundaries,unison,349179,27647,Satisfied
CPLEX,4,2023,kidney-exchange,3_20_0.40_2,ccmcp,15297,1386,Optimal
CPLEX,4,2023,chessboard,chessboard_n9_1,chessboard,255425,197,Satisfied
CPLEX,4,2023,code-generator,mips_gcc.varasm.default_named_section_asm_out_destructor,unison,1200000,,Unknown
CPLEX,4,2023,sudoku_fixed,sudoku_p89,sudoku_fixed,23580,,Optimal
CPLEX,4,2023,travelling-thief,n20_k3_c10000_l100_u200_r81,ttp,1075179,4987704,Satisfied
CPLEX,4,2023,sudoku_fixed,sudoku_p48,sudoku_fixed,548,,Optimal
CPLEX,4,2023,test-scheduling,t500m50r10-8,test-scheduling,1200000,,Unknown
CPLEX,4,2023,mrcpsp,j30_33_5,mrcpsp,24870,48,Optimal
CPLEX,4,2023,pennies-opt,n12,pennies,613060,7,Satisfied
CPLEX,4,2023,unit-commitment,L7-T12G5L5,Unit-Commitment,224,130950,Optimal
CPLEX,4,2023,roster,chicroster_dataset_8,roster_model,524,7,Optimal
CPLEX,4,2023,gametes,gamete_nl20_m30_12983649,gametes,1200000,,Unknown
CPLEX,4,2023,valve-network,horizon6,valve-network,2790,34,Optimal
CPLEX,4,2023,roster-shifts-bool,s50_e50_c3,bool-model,684,5312,Optimal
CPLEX,4,2023,elitserien,handball9,handball,1200000,,Unknown
CPLEX,4,2023,roster,chicroster_dataset_12,roster_model,579,19,Optimal
CPLEX,4,2023,table-layout,p2000_m16_r1000_c200,TableLayout,1200000,,Unsatisfiable
CPLEX,4,2023,test-scheduling,t30m20r3-20,test-scheduling,742659,2745,Satisfied
CPLEX,4,2023,travelling-thief,n10_k3_c5000_l10000_u10100_r46,ttp,1326,1454500,Optimal
CPLEX,4,2023,pennies-opt,n5,pennies,765,5,Optimal
CPLEX,4,2023,travelling-thief,n20_k15_c5000_l100_u200_r32,ttp,403616,9767856,Satisfied
CPLEX,4,2023,elitserien,handball2,handball,1200000,,Unknown
CPLEX,4,2023,evm-super-compilation,PlaylinkAirdrop_run_code_of_0_block_216_0_input,evmopt-generic,1200000,,Unknown
CPLEX,4,2023,elitserien,handball8,handball,1200000,,Unknown
CPLEX,4,2023,multi-agent-graph-coverage,rnd_n75_p1000_c50_s1,graph-scan-revised,1200000,,Unknown
CPLEX,4,2023,chessboard,chessboard_n12_1,chessboard,12551,353,Satisfied
CPLEX,4,2023,vrplc,vrplc9_5_10_s2,vrplc_service,104179,329,Satisfied
CPLEX,4,2023,travelling-thief,n20_k20_c1000_l1000_u2000_r46,ttp,125877,3673000,Optimal
CPLEX,4,2023,kidney-exchange,3_20_0.30_4,ccmcp,10351,1494,Optimal
CPLEX,4,2023,sudoku_fixed,sudoku_p28,sudoku_fixed,1200000,,Unknown
CPLEX,4,2023,speck-optimisation,easy_1,SPECK-Optimisation,881,1,Optimal
CPLEX,4,2023,gametes,gamete_nl20_m30_778477,gametes,407574,3,Optimal
CPLEX,4,2023,sudoku_fixed,sudoku_p20,sudoku_fixed,872160,,Optimal
CPLEX,4,2023,valve-network,horizon19,valve-network,1019405,1065,Satisfied
CPLEX,4,2023,table-layout,p1000_m10_r200_c15,TableLayout,217632,3814,Satisfied
CPLEX,4,2023,roster-shifts-bool,large,bool-model,26066,56378,Optimal
CPLEX,4,2023,evm-super-compilation,isolated_block_6_0_input,evmopt-generic,803577,13,Optimal
CPLEX,4,2023,vrplc,vrplc13_11_20_s4,vrplc_service,1200000,,Unknown
CPLEX,4,2023,unit-commitment,L10-T48G10L10,Unit-Commitment,1353,1703450,Optimal
CPLEX,4,2023,gametes,gamete_nl7_m10_134,gametes,13702,3,Optimal
CPLEX,4,2023,speck-optimisation,easy_3,SPECK-Optimisation,23736,5,Optimal
CPLEX,4,2023,kidney-exchange,3_20_0.15_3,ccmcp,708,815,Optimal
CPLEX,4,2023,test-scheduling,t20m10r10-17,test-scheduling,71308,1069,Satisfied
CPLEX,4,2023,roster,chicroster_dataset_9,roster_model,544,13,Optimal
CPLEX,4,2023,yumi-static,p_9_GGGG_GGGGG_yumi_grid_setup_3_4,yumi-static,599864,1284,Satisfied
CPLEX,4,2023,chessboard,chessboard4,chessboard,2604,25,Optimal
CPLEX,4,2023,table-layout,p1000_m20_r200_c20,TableLayout,1149619,5243,Satisfied
CPLEX,4,2023,valve-network,horizon28,valve-network,1200744,272,Satisfied
CPLEX,4,2023,chessboard,chessboard3,chessboard,67470,48,Optimal
CPLEX,4,2023,roster-shifts-bool,small,bool-model,1462,5281,Optimal
CPLEX,4,2023,kidney-exchange,3_25_0.10_2,ccmcp,10095,660,Optimal
CPLEX,4,2023,mrcpsp,j30_25_5,mrcpsp,5619,27,Optimal
CPLEX,4,2023,evm-super-compilation,BDARUMA_run_code_of_0_block_108_233_1_extended_input,evmopt-generic,1200000,,Unknown
CPLEX,4,2023,code-generator,mips_gcc.flow.find_regno_partial,unison,121982,6340,Optimal
CPLEX,4,2023,sudoku_fixed,sudoku_p26,sudoku_fixed,1200000,,Unknown
CPLEX,4,2023,vrplc,vrplc10_5_20_s3,vrplc_service,1034860,479,Satisfied
CPLEX,4,2023,roster-shifts-bool,s200_e50_c8,bool-model,628,5190,Optimal
CPLEX,4,2023,speck-optimisation,medium_6,SPECK-Optimisation,89059,13,Satisfied
CPLEX,4,2023,roster-shifts-bool,s100_e20_c8,bool-model,673,4955,Optimal
CPLEX,2,2023,table-layout,p1000_m20_r200_c20,TableLayout,543556,5243,Satisfied
CPLEX,2,2023,roster-shifts-bool,small,bool-model,1741,5281,Optimal
CPLEX,2,2023,elitserien,handball8,handball,1200000,,Unknown
CPLEX,2,2023,elitserien,handball4,handball,1200000,,Unknown
CPLEX,2,2023,yumi-static,p_9_GGGG_GGGGG_yumi_grid_setup_3_4,yumi-static,1125782,1600,Satisfied
CPLEX,2,2023,roster,chicroster_dataset_10,roster_model,582,18,Optimal
CPLEX,2,2023,sudoku_fixed,sudoku_p28,sudoku_fixed,1200000,,Unknown
CPLEX,2,2023,roster,chicroster_dataset_9,roster_model,510,13,Optimal
CPLEX,2,2023,unit-commitment,L12-T48G15L10,Unit-Commitment,4021,1480000,Optimal
CPLEX,2,2023,elitserien,handball9,handball,1200000,,Unknown
CPLEX,2,2023,evm-super-compilation,BDARUMA_run_code_of_0_block_108_233_1_extended_input,evmopt-generic,1200000,,Unknown
CPLEX,2,2023,travelling-thief,n20_k15_c5000_l100_u200_r32,ttp,675976,9767824,Satisfied
CPLEX,2,2023,chessboard,chessboard3,chessboard,80101,48,Optimal
CPLEX,2,2023,valve-network,horizon20,valve-network,647635,1016,Satisfied
CPLEX,2,2023,yumi-static,p_5_GG_GGG_yumi_grid_setup_7_7,yumi-static,827185,883,Satisfied
CPLEX,2,2023,elitserien,handball2,handball,1200000,,Unknown
CPLEX,2,2023,vrplc,vrplc11_5_15_s4,vrplc_service,1200000,,Unknown
CPLEX,2,2023,gametes,gamete_nl7_m10_134,gametes,7244,3,Optimal
CPLEX,2,2023,yumi-static,p_4_SG_SG_yumi_grid_setup_3_3,yumi-static,673048,634,Satisfied
CPLEX,2,2023,table-layout,p2000_m10_r500_c20,TableLayout,1020034,6211,Optimal
CPLEX,2,2023,sudoku_fixed,sudoku_p89,sudoku_fixed,42287,,Optimal
CPLEX,2,2023,roster,chicroster_dataset_12,roster_model,570,19,Optimal
CPLEX,2,2023,travelling-thief,n10_k3_c5000_l10000_u10100_r46,ttp,1110,1454500,Optimal
CPLEX,2,2023,test-scheduling,t30m20r3-20,test-scheduling,1115870,2745,Satisfied
CPLEX,2,2023,valve-network,horizon12,valve-network,496171,356,Optimal
CPLEX,2,2023,evm-super-compilation,isolated_block_6_0_input,evmopt-generic,321215,13,Optimal
CPLEX,2,2023,pennies-opt,n5,pennies,787,5,Optimal
CPLEX,2,2023,test-scheduling,t50m20r10-17,test-scheduling,1200000,,Unknown
CPLEX,2,2023,multi-agent-graph-coverage,rnd_n75_p1000_c50_s1,graph-scan-revised,1200000,,Unknown
CPLEX,2,2023,pennies-opt,n7,pennies,78220,6,Satisfied
CPLEX,2,2023,chessboard,chessboard_n12_1,chessboard,800209,356,Satisfied
CPLEX,2,2023,roster,chicroster_dataset_large_16,roster_model,730,0,Optimal
CPLEX,2,2023,roster-shifts-bool,s100_e20_c8,bool-model,776,4955,Optimal
CPLEX,2,2023,gametes,gamete_nl20_m40_10408565,gametes,1200000,,Unknown
CPLEX,2,2023,mrcpsp,j30_33_5,mrcpsp,97704,48,Optimal
CPLEX,2,2023,code-generator,mips_pegwit.ec_vlong.vlShortLshift,unison,211197,306469157,Optimal
CPLEX,2,2023,test-scheduling,t100m20r3-14,test-scheduling,1200000,,Unknown
CPLEX,2,2023,code-generator,mips_mesa.eval.gl_Map1f,unison,1200000,,Unknown
CPLEX,2,2023,mrcpsp,j30_29_3,mrcpsp,1124758,32,Satisfied
CPLEX,2,2023,evm-super-compilation,BDARUMA_run_code_of_0_block_284_170_0_input,evmopt-generic,19573,11,Optimal
CPLEX,2,2023,yumi-static,p_4_GG_GG_yumi_grid_setup_7_7,yumi-static,1024585,463,Satisfied
CPLEX,2,2023,vrplc,vrplc13_11_20_s4,vrplc_service,1200000,,Unknown
CPLEX,2,2023,unit-commitment,L3-T6G5L5,Unit-Commitment,201,75950,Optimal
CPLEX,2,2023,multi-agent-graph-coverage,rnd_n10_p1500_c15_s1,graph-scan-revised,267868,147,Optimal
CPLEX,2,2023,travelling-thief,n10_k15_c5000_l10000_u11000_r49,ttp,9316,5134100,Optimal
CPLEX,2,2023,elitserien,handball10,handball,1200000,,Unknown
CPLEX,2,2023,sudoku_fixed,sudoku_p20,sudoku_fixed,807427,,Optimal
CPLEX,2,2023,travelling-thief,n20_k3_c10000_l100_u200_r81,ttp,784026,4987461,Satisfied
CPLEX,2,2023,table-layout,p1000_m10_r200_c15,TableLayout,1017149,3814,Satisfied
CPLEX,2,2023,vrplc,vrplc9_5_15_s2,vrplc_service,1200000,,Unknown
CPLEX,2,2023,unit-commitment,L7-T12G5L5,Unit-Commitment,238,130950,Optimal
CPLEX,2,2023,mrcpsp,j30_41_8,mrcpsp,812620,30,Optimal
CPLEX,2,2023,roster,chicroster_dataset_8,roster_model,510,7,Optimal
CPLEX,2,2023,code-generator,mips_rasta.mapping.comp_Jboundaries,unison,1200000,,Unknown
CPLEX,2,2023,table-layout,p1000_m3_r100_c10,TableLayout,880,8137,Optimal
CPLEX,2,2023,chessboard,chessboard_n9_1,chessboard,552562,197,Satisfied
CPLEX,2,2023,yumi-static,p_7_GGG_GGGG_yumi_grid_setup_3_4,yumi-static,1061544,1014,Satisfied
CPLEX,2,2023,sudoku_fixed,sudoku_p26,sudoku_fixed,1200000,,Unknown
CPLEX,2,2023,kidney-exchange,3_20_0.40_2,ccmcp,47398,1386,Optimal
CPLEX,2,2023,pennies-opt,n8,pennies,292202,7,Satisfied
CPLEX,2,2023,chessboard,chessboard4,chessboard,3444,25,Optimal
CPLEX,2,2023,sudoku_fixed,sudoku_p48,sudoku_fixed,648,,Optimal
CPLEX,2,2023,pennies-opt,n12,pennies,944388,6,Satisfied
CPLEX,2,2023,table-layout,p2000_m16_r1000_c200,TableLayout,1200000,,Unsatisfiable
CPLEX,2,2023,code-generator,mips_gcc.varasm.default_named_section_asm_out_destructor,unison,1200000,,Unknown
CPLEX,2,2023,gametes,gamete_nl20_m30_778477,gametes,532496,3,Optimal
CPLEX,2,2023,valve-network,horizon28,valve-network,550942,471,Satisfied
CPLEX,2,2023,speck-optimisation,medium_6,SPECK-Optimisation,146390,13,Satisfied
CPLEX,2,2023,gametes,gamete_nl20_m30_12983649,gametes,1200000,,Unknown
CPLEX,2,2023,evm-super-compilation,PlaylinkAirdrop_run_code_of_0_block_216_0_input,evmopt-generic,1200000,,Unknown
CPLEX,2,2023,test-scheduling,t20m10r10-17,test-scheduling,135030,1069,Satisfied
CPLEX,2,2023,multi-agent-graph-coverage,rnd_n20_p1000_c10_s1,graph-scan-revised,1152803,264,Satisfied
CPLEX,2,2023,evm-super-compilation,Kongu_run_code_of_0_block_240_0_input,evmopt-generic,1200000,,Unknown
CPLEX,2,2023,travelling-thief,n20_k20_c1000_l1000_u2000_r46,ttp,94355,3558400,Satisfied
CPLEX,2,2023,mrcpsp,j30_54_2,mrcpsp,82990,28,Satisfied
CPLEX,2,2023,chessboard,chessboard_n39_2,chessboard,1195870,636,Satisfied
CPLEX,2,2023,pennies-opt,n9,pennies,49507,5,Satisfied
CPLEX,2,2023,test-scheduling,t500m50r10-8,test-scheduling,1200000,,Unknown
CPLEX,2,2023,kidney-exchange,3_20_0.30_4,ccmcp,14158,1494,Optimal
CPLEX,2,2023,speck-optimisation,very_hard_5,SPECK-Optimisation,1200000,,Unknown
CPLEX,2,2023,kidney-exchange,3_25_0.10_2,ccmcp,15404,660,Optimal
CPLEX,2,2023,valve-network,horizon6,valve-network,3595,34,Optimal
CPLEX,2,2023,gametes,gamete_nl7_m10_181,gametes,450150,5,Satisfied
CPLEX,2,2023,speck-optimisation,easy_1,SPECK-Optimisation,687,1,Optimal
CPLEX,2,2023,roster-shifts-bool,s200_e50_c8,bool-model,731,5190,Optimal
CPLEX,2,2023,vrplc,vrplc10_5_20_s3,vrplc_service,1200000,,Unknown
CPLEX,2,2023,speck-optimisation,hard_0,SPECK-Optimisation,21757,256,Satisfied
CPLEX,2,2023,kidney-exchange,3_20_0.15_3,ccmcp,776,815,Optimal
CPLEX,2,2023,code-generator,mips_gcc.flow.find_regno_partial,unison,166463,6340,Optimal
CPLEX,2,2023,valve-network,horizon19,valve-network,845201,895,Satisfied
CPLEX,2,2023,vrplc,vrplc9_5_10_s2,vrplc_service,525829,329,Satisfied
CPLEX,2,2023,kidney-exchange,3_25_0.15_4,ccmcp,242697,1152,Optimal
CPLEX,2,2023,multi-agent-graph-coverage,rnd_n10_p2000_c15_s1,graph-scan-revised,197557,149,Optimal
CPLEX,2,2023,roster-shifts-bool,large,bool-model,31257,56378,Optimal
CPLEX,2,2023,mrcpsp,j30_25_5,mrcpsp,13967,27,Optimal
CPLEX,2,2023,unit-commitment,L15-T48G30L15,Unit-Commitment,741572,23003760,Satisfied
CPLEX,2,2023,roster-shifts-bool,s50_e50_c3,bool-model,886,5312,Optimal
CPLEX,2,2023,unit-commitment,L10-T48G10L10,Unit-Commitment,1540,1703450,Optimal
CPLEX,2,2023,multi-agent-graph-coverage,rnd_n40_p1000_c20_s1,graph-scan-revised,1191477,3218,Satisfied
CPLEX,2,2023,speck-optimisation,easy_3,SPECK-Optimisation,9502,5,Optimal
CPLEX,1,2023,sudoku_fixed,sudoku_p89,sudoku_fixed,137711,,Optimal
CPLEX,1,2023,sudoku_fixed,sudoku_p48,sudoku_fixed,614,,Optimal
CPLEX,1,2023,mrcpsp,j30_33_5,mrcpsp,53288,48,Optimal
CPLEX,1,2023,kidney-exchange,3_25_0.15_4,ccmcp,453693,1152,Optimal
CPLEX,1,2023,unit-commitment,L12-T48G15L10,Unit-Commitment,4822,1480000,Optimal
CPLEX,1,2023,code-generator,mips_gcc.varasm.default_named_section_asm_out_destructor,unison,1200000,,Unknown
CPLEX,1,2023,speck-optimisation,easy_3,SPECK-Optimisation,28522,5,Optimal
CPLEX,1,2023,roster-shifts-bool,s200_e50_c8,bool-model,623,5190,Optimal
CPLEX,1,2023,sudoku_fixed,sudoku_p26,sudoku_fixed,1200000,,Unknown
CPLEX,1,2023,elitserien,handball4,handball,1200000,,Unknown
CPLEX,1,2023,unit-commitment,L10-T48G10L10,Unit-Commitment,1227,1703450,Optimal
CPLEX,1,2023,valve-network,horizon28,valve-network,1200000,,Unknown
CPLEX,1,2023,pennies-opt,n9,pennies,199866,6,Satisfied
CPLEX,1,2023,chessboard,chessboard3,chessboard,142569,48,Optimal
CPLEX,1,2023,pennies-opt,n7,pennies,58624,6,Satisfied
CPLEX,1,2023,speck-optimisation,very_hard_5,SPECK-Optimisation,1200000,,Unknown
CPLEX,1,2023,chessboard,chessboard_n39_2,chessboard,797561,614,Satisfied
CPLEX,1,2023,yumi-static,p_7_GGG_GGGG_yumi_grid_setup_3_4,yumi-static,1045999,971,Satisfied
CPLEX,1,2023,elitserien,handball2,handball,1200000,,Unknown
CPLEX,1,2023,gametes,gamete_nl20_m30_12983649,gametes,1200000,,Unknown
CPLEX,1,2023,valve-network,horizon19,valve-network,1153952,765,Satisfied
CPLEX,1,2023,roster-shifts-bool,small,bool-model,1545,5281,Optimal
CPLEX,1,2023,multi-agent-graph-coverage,rnd_n10_p1500_c15_s1,graph-scan-revised,283558,147,Optimal
CPLEX,1,2023,yumi-static,p_5_GG_GGG_yumi_grid_setup_7_7,yumi-static,918814,740,Satisfied
CPLEX,1,2023,elitserien,handball8,handball,1200000,,Unknown
CPLEX,1,2023,evm-super-compilation,BDARUMA_run_code_of_0_block_108_233_1_extended_input,evmopt-generic,1200000,,Unknown
CPLEX,1,2023,yumi-static,p_4_GG_GG_yumi_grid_setup_7_7,yumi-static,908108,597,Satisfied
CPLEX,1,2023,gametes,gamete_nl7_m10_181,gametes,993123,5,Satisfied
CPLEX,1,2023,mrcpsp,j30_54_2,mrcpsp,1037390,28,Satisfied
CPLEX,1,2023,roster,chicroster_dataset_8,roster_model,563,7,Optimal
CPLEX,1,2023,table-layout,p2000_m16_r1000_c200,TableLayout,1200000,,Unsatisfiable
CPLEX,1,2023,travelling-thief,n20_k20_c1000_l1000_u2000_r46,ttp,102123,3673000,Optimal
CPLEX,1,2023,unit-commitment,L3-T6G5L5,Unit-Commitment,235,75950,Optimal
CPLEX,1,2023,yumi-static,p_4_SG_SG_yumi_grid_setup_3_3,yumi-static,882602,666,Satisfied
CPLEX,1,2023,speck-optimisation,hard_0,SPECK-Optimisation,740543,193,Satisfied
CPLEX,1,2023,roster-shifts-bool,s50_e50_c3,bool-model,759,5312,Optimal
CPLEX,1,2023,table-layout,p1000_m20_r200_c20,TableLayout,1186873,5244,Satisfied
CPLEX,1,2023,travelling-thief,n10_k3_c5000_l10000_u10100_r46,ttp,992,1454500,Optimal
CPLEX,1,2023,elitserien,handball10,handball,1200000,,Unknown
CPLEX,1,2023,travelling-thief,n20_k15_c5000_l100_u200_r32,ttp,249598,9767760,Satisfied
CPLEX,1,2023,multi-agent-graph-coverage,rnd_n10_p2000_c15_s1,graph-scan-revised,513153,149,Optimal
CPLEX,1,2023,vrplc,vrplc10_5_20_s3,vrplc_service,1200000,,Unknown
CPLEX,1,2023,travelling-thief,n10_k15_c5000_l10000_u11000_r49,ttp,8781,5134100,Optimal
CPLEX,1,2023,code-generator,mips_gcc.flow.find_regno_partial,unison,201285,6340,Optimal
CPLEX,1,2023,gametes,gamete_nl7_m10_134,gametes,74295,3,Optimal
CPLEX,1,2023,kidney-exchange,3_20_0.15_3,ccmcp,1479,815,Optimal
CPLEX,1,2023,multi-agent-graph-coverage,rnd_n20_p1000_c10_s1,graph-scan-revised,1145665,271,Satisfied
CPLEX,1,2023,vrplc,vrplc13_11_20_s4,vrplc_service,1200000,,Unknown
CPLEX,1,2023,roster-shifts-bool,s100_e20_c8,bool-model,733,4955,Optimal
CPLEX,1,2023,chessboard,chessboard_n12_1,chessboard,351597,355,Satisfied
CPLEX,1,2023,test-scheduling,t50m20r10-17,test-scheduling,1200000,,Unknown
CPLEX,1,2023,sudoku_fixed,sudoku_p20,sudoku_fixed,1200000,,Unknown
CPLEX,1,2023,vrplc,vrplc9_5_15_s2,vrplc_service,1200000,,Unknown
CPLEX,1,2023,pennies-opt,n5,pennies,878,5,Optimal
CPLEX,1,2023,mrcpsp,j30_41_8,mrcpsp,947559,31,Satisfied
CPLEX,1,2023,valve-network,horizon12,valve-network,849222,356,Satisfied
CPLEX,1,2023,sudoku_fixed,sudoku_p28,sudoku_fixed,1200000,,Unknown
CPLEX,1,2023,evm-super-compilation,PlaylinkAirdrop_run_code_of_0_block_216_0_input,evmopt-generic,1200000,,Unknown
CPLEX,1,2023,test-scheduling,t500m50r10-8,test-scheduling,1200000,,Unknown
CPLEX,1,2023,evm-super-compilation,isolated_block_6_0_input,evmopt-generic,1200000,,Unknown
CPLEX,1,2023,test-scheduling,t20m10r10-17,test-scheduling,177220,1069,Satisfied
CPLEX,1,2023,code-generator,mips_rasta.mapping.comp_Jboundaries,unison,1200000,,Unknown
CPLEX,1,2023,roster,chicroster_dataset_10,roster_model,511,18,Optimal
CPLEX,1,2023,test-scheduling,t100m20r3-14,test-scheduling,1200000,,Unknown
CPLEX,1,2023,speck-optimisation,easy_1,SPECK-Optimisation,596,1,Optimal
CPLEX,1,2023,elitserien,handball9,handball,1200000,,Unknown
CPLEX,1,2023,speck-optimisation,medium_6,SPECK-Optimisation,92838,13,Satisfied
CPLEX,1,2023,travelling-thief,n20_k3_c10000_l100_u200_r81,ttp,628577,4987380,Satisfied
CPLEX,1,2023,kidney-exchange,3_20_0.30_4,ccmcp,43896,1494,Optimal
CPLEX,1,2023,chessboard,chessboard4,chessboard,5570,25,Optimal
CPLEX,1,2023,table-layout,p2000_m10_r500_c20,TableLayout,718685,6211,Optimal
CPLEX,1,2023,yumi-static,p_9_GGGG_GGGGG_yumi_grid_setup_3_4,yumi-static,868676,1600,Satisfied
CPLEX,1,2023,gametes,gamete_nl20_m40_10408565,gametes,1200000,,Unknown
CPLEX,1,2023,kidney-exchange,3_25_0.10_2,ccmcp,16315,660,Optimal
CPLEX,1,2023,code-generator,mips_mesa.eval.gl_Map1f,unison,1200000,,Unknown
CPLEX,1,2023,mrcpsp,j30_25_5,mrcpsp,9652,27,Optimal
CPLEX,1,2023,valve-network,horizon6,valve-network,4204,34,Optimal
CPLEX,1,2023,table-layout,p1000_m3_r100_c10,TableLayout,1007,8137,Optimal
CPLEX,1,2023,gametes,gamete_nl20_m30_778477,gametes,1200000,,Unknown
CPLEX,1,2023,valve-network,horizon20,valve-network,1181060,786,Satisfied
CPLEX,1,2023,pennies-opt,n8,pennies,104188,5,Satisfied
CPLEX,1,2023,chessboard,chessboard_n9_1,chessboard,291857,191,Satisfied
CPLEX,1,2023,roster,chicroster_dataset_9,roster_model,381,13,Optimal
CPLEX,1,2023,vrplc,vrplc11_5_15_s4,vrplc_service,1200000,,Unknown
CPLEX,1,2023,pennies-opt,n12,pennies,212552,2,Satisfied
CPLEX,1,2023,roster,chicroster_dataset_12,roster_model,440,19,Optimal
CPLEX,1,2023,vrplc,vrplc9_5_10_s2,vrplc_service,291723,329,Satisfied
CPLEX,1,2023,evm-super-compilation,Kongu_run_code_of_0_block_240_0_input,evmopt-generic,1200000,,Unknown
CPLEX,1,2023,mrcpsp,j30_29_3,mrcpsp,850811,33,Satisfied
CPLEX,1,2023,code-generator,mips_pegwit.ec_vlong.vlShortLshift,unison,1200000,,Unknown
CPLEX,1,2023,multi-agent-graph-coverage,rnd_n75_p1000_c50_s1,graph-scan-revised,1200000,,Unknown
CPLEX,1,2023,test-scheduling,t30m20r3-20,test-scheduling,1179032,3096,Satisfied
CPLEX,1,2023,multi-agent-graph-coverage,rnd_n40_p1000_c20_s1,graph-scan-revised,409708,3153,Satisfied
CPLEX,1,2023,table-layout,p1000_m10_r200_c15,TableLayout,1090219,3815,Satisfied
CPLEX,1,2023,evm-super-compilation,BDARUMA_run_code_of_0_block_284_170_0_input,evmopt-generic,6056,11,Optimal
CPLEX,1,2023,kidney-exchange,3_20_0.40_2,ccmcp,172613,1386,Optimal
CPLEX,1,2023,unit-commitment,L15-T48G30L15,Unit-Commitment,1143479,23003760,Satisfied
CPLEX,1,2023,roster-shifts-bool,large,bool-model,29715,56378,Optimal
CPLEX,1,2023,unit-commitment,L7-T12G5L5,Unit-Commitment,212,130950,Optimal
CPLEX,1,2023,roster,chicroster_dataset_large_16,roster_model,598,0,Optimal
CPLEX,8,2023,mrcpsp,j30_41_8,mrcpsp,44394,30,Optimal
CPLEX,8,2023,valve-network,horizon12,valve-network,117510,356,Optimal
CPLEX,8,2023,vrplc,vrplc9_5_15_s2,vrplc_service,1200000,,Unknown
CPLEX,8,2023,travelling-thief,n10_k15_c5000_l10000_u11000_r49,ttp,11486,5134100,Optimal
CPLEX,8,2023,code-generator,mips_gcc.flow.find_regno_partial,unison,124024,6340,Optimal
CPLEX,8,2023,kidney-exchange,3_25_0.15_4,ccmcp,52337,1152,Optimal
CPLEX,8,2023,evm-super-compilation,Kongu_run_code_of_0_block_240_0_input,evmopt-generic,1200000,,Unknown
CPLEX,8,2023,table-layout,p1000_m20_r200_c20,TableLayout,733519,5243,Optimal
CPLEX,8,2023,mrcpsp,j30_29_3,mrcpsp,775833,32,Optimal
CPLEX,8,2023,kidney-exchange,3_20_0.15_3,ccmcp,682,815,Optimal
CPLEX,8,2023,gametes,gamete_nl7_m10_181,gametes,159977,5,Satisfied
CPLEX,8,2023,test-scheduling,t500m50r10-8,test-scheduling,1200000,,Unknown
CPLEX,8,2023,sudoku_fixed,sudoku_p48,sudoku_fixed,549,,Optimal
CPLEX,8,2023,evm-super-compilation,BDARUMA_run_code_of_0_block_108_233_1_extended_input,evmopt-generic,1200000,,Unknown
CPLEX,8,2023,kidney-exchange,3_25_0.10_2,ccmcp,9439,660,Optimal
CPLEX,8,2023,multi-agent-graph-coverage,rnd_n20_p1000_c10_s1,graph-scan-revised,1106008,257,Satisfied
CPLEX,8,2023,chessboard,chessboard4,chessboard,2399,25,Optimal
CPLEX,8,2023,sudoku_fixed,sudoku_p89,sudoku_fixed,15331,,Optimal
CPLEX,8,2023,unit-commitment,L7-T12G5L5,Unit-Commitment,223,130950,Optimal
CPLEX,8,2023,pennies-opt,n5,pennies,557,5,Optimal
CPLEX,8,2023,elitserien,handball2,handball,1200000,,Unknown
CPLEX,8,2023,yumi-static,p_7_GGG_GGGG_yumi_grid_setup_3_4,yumi-static,755789,949,Satisfied
CPLEX,8,2023,test-scheduling,t100m20r3-14,test-scheduling,1200000,,Unknown
CPLEX,8,2023,unit-commitment,L3-T6G5L5,Unit-Commitment,190,75950,Optimal
CPLEX,8,2023,pennies-opt,n8,pennies,247683,7,Satisfied
CPLEX,8,2023,speck-optimisation,medium_6,SPECK-Optimisation,138438,12,Satisfied
CPLEX,8,2023,yumi-static,p_9_GGGG_GGGGG_yumi_grid_setup_3_4,yumi-static,1200615,1501,Satisfied
CPLEX,8,2023,table-layout,p1000_m3_r100_c10,TableLayout,780,8137,Optimal
CPLEX,8,2023,mrcpsp,j30_33_5,mrcpsp,28088,48,Optimal
CPLEX,8,2023,valve-network,horizon19,valve-network,1193579,1097,Satisfied
CPLEX,8,2023,roster-shifts-bool,small,bool-model,1534,5281,Optimal
CPLEX,8,2023,valve-network,horizon28,valve-network,343203,1377,Satisfied
CPLEX,8,2023,kidney-exchange,3_20_0.30_4,ccmcp,10321,1494,Optimal
CPLEX,8,2023,roster-shifts-bool,large,bool-model,26434,56378,Optimal
CPLEX,8,2023,multi-agent-graph-coverage,rnd_n40_p1000_c20_s1,graph-scan-revised,1200000,,Unknown
CPLEX,8,2023,sudoku_fixed,sudoku_p28,sudoku_fixed,938994,,Optimal
CPLEX,8,2023,yumi-static,p_5_GG_GGG_yumi_grid_setup_7_7,yumi-static,684940,615,Satisfied
CPLEX,8,2023,speck-optimisation,easy_1,SPECK-Optimisation,792,1,Optimal
CPLEX,8,2023,evm-super-compilation,isolated_block_6_0_input,evmopt-generic,215068,13,Optimal
CPLEX,8,2023,elitserien,handball8,handball,1200000,,Unknown
CPLEX,8,2023,travelling-thief,n20_k15_c5000_l100_u200_r32,ttp,342265,9767920,Satisfied
CPLEX,8,2023,yumi-static,p_4_GG_GG_yumi_grid_setup_7_7,yumi-static,812421,502,Satisfied
CPLEX,8,2023,pennies-opt,n7,pennies,396757,7,Optimal
CPLEX,8,2023,unit-commitment,L15-T48G30L15,Unit-Commitment,253111,23003760,Optimal
CPLEX,8,2023,roster,chicroster_dataset_8,roster_model,498,7,Optimal
CPLEX,8,2023,roster-shifts-bool,s50_e50_c3,bool-model,680,5312,Optimal
CPLEX,8,2023,unit-commitment,L10-T48G10L10,Unit-Commitment,1294,1703450,Optimal
CPLEX,8,2023,travelling-thief,n10_k3_c5000_l10000_u10100_r46,ttp,1085,1454500,Optimal
CPLEX,8,2023,chessboard,chessboard_n12_1,chessboard,488895,356,Satisfied
CPLEX,8,2023,mrcpsp,j30_54_2,mrcpsp,287817,28,Optimal
CPLEX,8,2023,code-generator,mips_pegwit.ec_vlong.vlShortLshift,unison,221675,306469157,Optimal
CPLEX,8,2023,speck-optimisation,easy_3,SPECK-Optimisation,7672,5,Optimal
CPLEX,8,2023,code-generator,mips_mesa.eval.gl_Map1f,unison,1200000,,Unknown
CPLEX,8,2023,table-layout,p1000_m10_r200_c15,TableLayout,464831,3814,Satisfied
CPLEX,8,2023,table-layout,p2000_m10_r500_c20,TableLayout,605438,6211,Optimal
CPLEX,8,2023,chessboard,chessboard3,chessboard,33833,48,Optimal
CPLEX,8,2023,vrplc,vrplc9_5_10_s2,vrplc_service,89932,329,Satisfied
CPLEX,8,2023,travelling-thief,n20_k20_c1000_l1000_u2000_r46,ttp,100216,3673000,Optimal
CPLEX,8,2023,vrplc,vrplc13_11_20_s4,vrplc_service,1200000,,Unknown
CPLEX,8,2023,chessboard,chessboard_n39_2,chessboard,1201349,640,Satisfied
CPLEX,8,2023,code-generator,mips_gcc.varasm.default_named_section_asm_out_destructor,unison,1200000,,Unknown
CPLEX,8,2023,elitserien,handball9,handball,1200000,,Unknown
CPLEX,8,2023,valve-network,horizon6,valve-network,2779,34,Optimal
CPLEX,8,2023,evm-super-compilation,BDARUMA_run_code_of_0_block_284_170_0_input,evmopt-generic,3636,11,Optimal
CPLEX,8,2023,valve-network,horizon20,valve-network,1187198,1282,Satisfied
CPLEX,8,2023,gametes,gamete_nl20_m30_778477,gametes,1153818,3,Optimal
CPLEX,8,2023,roster-shifts-bool,s200_e50_c8,bool-model,647,5190,Optimal
CPLEX,8,2023,code-generator,mips_rasta.mapping.comp_Jboundaries,unison,1200000,,Unknown
CPLEX,8,2023,table-layout,p2000_m16_r1000_c200,TableLayout,1200000,,Unsatisfiable
CPLEX,8,2023,roster,chicroster_dataset_10,roster_model,667,18,Optimal
CPLEX,8,2023,pennies-opt,n12,pennies,17888,4,Satisfied
CPLEX,8,2023,mrcpsp,j30_25_5,mrcpsp,5311,27,Optimal
CPLEX,8,2023,roster,chicroster_dataset_9,roster_model,479,13,Optimal
CPLEX,8,2023,gametes,gamete_nl20_m30_12983649,gametes,1200000,,Unknown
CPLEX,8,2023,vrplc,vrplc11_5_15_s4,vrplc_service,1200000,,Unknown
CPLEX,8,2023,roster,chicroster_dataset_12,roster_model,668,19,Optimal
CPLEX,8,2023,kidney-exchange,3_20_0.40_2,ccmcp,20800,1386,Optimal
CPLEX,8,2023,multi-agent-graph-coverage,rnd_n75_p1000_c50_s1,graph-scan-revised,1200000,,Unknown
CPLEX,8,2023,multi-agent-graph-coverage,rnd_n10_p1500_c15_s1,graph-scan-revised,45779,147,Optimal
CPLEX,8,2023,sudoku_fixed,sudoku_p20,sudoku_fixed,163217,,Optimal
CPLEX,8,2023,roster,chicroster_dataset_large_16,roster_model,842,0,Optimal
CPLEX,8,2023,test-scheduling,t20m10r10-17,test-scheduling,48263,1069,Satisfied
CPLEX,8,2023,vrplc,vrplc10_5_20_s3,vrplc_service,1200000,,Unknown
CPLEX,8,2023,test-scheduling,t30m20r3-20,test-scheduling,524636,2745,Satisfied
CPLEX,8,2023,yumi-static,p_4_SG_SG_yumi_grid_setup_3_3,yumi-static,1191131,603,Satisfied
CPLEX,8,2023,chessboard,chessboard_n9_1,chessboard,695002,198,Satisfied
CPLEX,8,2023,roster-shifts-bool,s100_e20_c8,bool-model,687,4955,Optimal
CPLEX,8,2023,gametes,gamete_nl20_m40_10408565,gametes,964340,4,Satisfied
CPLEX,8,2023,multi-agent-graph-coverage,rnd_n10_p2000_c15_s1,graph-scan-revised,48884,149,Optimal
CPLEX,8,2023,travelling-thief,n20_k3_c10000_l100_u200_r81,ttp,1111426,4987785,Satisfied
CPLEX,8,2023,evm-super-compilation,PlaylinkAirdrop_run_code_of_0_block_216_0_input,evmopt-generic,1200000,,Unknown
CPLEX,8,2023,elitserien,handball4,handball,598500,6,Satisfied
CPLEX,8,2023,sudoku_fixed,sudoku_p26,sudoku_fixed,1200000,,Unknown
CPLEX,8,2023,speck-optimisation,hard_0,SPECK-Optimisation,1090276,59,Satisfied
CPLEX,8,2023,test-scheduling,t50m20r10-17,test-scheduling,400335,15918,Satisfied
CPLEX,8,2023,elitserien,handball10,handball,1200238,10,Satisfied
CPLEX,8,2023,speck-optimisation,very_hard_5,SPECK-Optimisation,1200000,,Unknown
CPLEX,8,2023,pennies-opt,n9,pennies,66872,7,Satisfied
CPLEX,8,2023,gametes,gamete_nl7_m10_134,gametes,7276,3,Optimal
CPLEX,8,2023,unit-commitment,L12-T48G15L10,Unit-Commitment,3003,1480000,Optimal
cp-sat,1,2023,travelling-thief,n20_k15_c5000_l100_u200_r32,ttp,82547,9768112,Satisfied
cp-sat,1,2023,kidney-exchange,3_25_0.15_4,ccmcp,6083,1152,Optimal
cp-sat,1,2023,unit-commitment,L12-T48G15L10,Unit-Commitment,110944,1480000,Optimal
cp-sat,1,2023,vrplc,vrplc10_5_20_s3,vrplc_service,488305,285,Satisfied
cp-sat,1,2023,test-scheduling,t30m20r3-20,test-scheduling,390,2745,Optimal
cp-sat,1,2023,elitserien,handball9,handball,16930,3,Optimal
cp-sat,1,2023,sudoku_fixed,sudoku_p48,sudoku_fixed,278,,Optimal
cp-sat,1,2023,mrcpsp,j30_29_3,mrcpsp,2089,32,Optimal
cp-sat,1,2023,elitserien,handball4,handball,16769,2,Optimal
cp-sat,1,2023,evm-super-compilation,PlaylinkAirdrop_run_code_of_0_block_216_0_input,evmopt-generic,330041,35,Satisfied
cp-sat,1,2023,sudoku_fixed,sudoku_p28,sudoku_fixed,44534,,Optimal
cp-sat,1,2023,kidney-exchange,3_20_0.30_4,ccmcp,2184,1494,Optimal
cp-sat,1,2023,test-scheduling,t500m50r10-8,test-scheduling,840112,45188,Satisfied
cp-sat,1,2023,table-layout,p2000_m16_r1000_c200,TableLayout,1200000,,Unsatisfiable
cp-sat,1,2023,speck-optimisation,very_hard_5,SPECK-Optimisation,1095403,197,Satisfied
cp-sat,1,2023,table-layout,p1000_m10_r200_c15,TableLayout,598520,3817,Satisfied
cp-sat,1,2023,test-scheduling,t50m20r10-17,test-scheduling,1231,4488,Optimal
cp-sat,1,2023,elitserien,handball2,handball,17151,2,Optimal
cp-sat,1,2023,table-layout,p1000_m20_r200_c20,TableLayout,1012997,5249,Satisfied
cp-sat,1,2023,test-scheduling,t20m10r10-17,test-scheduling,381,1069,Optimal
cp-sat,1,2023,speck-optimisation,hard_0,SPECK-Optimisation,324959,31,Satisfied
cp-sat,1,2023,vrplc,vrplc11_5_15_s4,vrplc_service,22553,332,Satisfied
cp-sat,1,2023,gametes,gamete_nl7_m10_134,gametes,2137,3,Optimal
cp-sat,1,2023,pennies-opt,n5,pennies,669,5,Optimal
cp-sat,1,2023,yumi-static,p_4_SG_SG_yumi_grid_setup_3_3,yumi-static,110929,569,Optimal
cp-sat,1,2023,chessboard,chessboard_n12_1,chessboard,242941,357,Satisfied
cp-sat,1,2023,elitserien,handball10,handball,18360,4,Optimal
cp-sat,1,2023,chessboard,chessboard4,chessboard,1690,25,Optimal
cp-sat,1,2023,valve-network,horizon6,valve-network,1095,34,Optimal
cp-sat,1,2023,speck-optimisation,easy_1,SPECK-Optimisation,361,1,Optimal
cp-sat,1,2023,unit-commitment,L7-T12G5L5,Unit-Commitment,189,130950,Optimal
cp-sat,1,2023,gametes,gamete_nl20_m40_10408565,gametes,485214,4,Optimal
cp-sat,1,2023,multi-agent-graph-coverage,rnd_n10_p1500_c15_s1,graph-scan-revised,9899,147,Optimal
cp-sat,1,2023,valve-network,horizon12,valve-network,43985,356,Optimal
cp-sat,1,2023,multi-agent-graph-coverage,rnd_n20_p1000_c10_s1,graph-scan-revised,392341,232,Satisfied
cp-sat,1,2023,roster,chicroster_dataset_12,roster_model,537,19,Optimal
cp-sat,1,2023,evm-super-compilation,BDARUMA_run_code_of_0_block_108_233_1_extended_input,evmopt-generic,1061024,33,Satisfied
cp-sat,1,2023,multi-agent-graph-coverage,rnd_n75_p1000_c50_s1,graph-scan-revised,1199939,31507,Satisfied
cp-sat,1,2023,gametes,gamete_nl20_m30_778477,gametes,49934,3,Optimal
cp-sat,1,2023,roster,chicroster_dataset_9,roster_model,507,13,Optimal
cp-sat,1,2023,pennies-opt,n12,pennies,99388,10,Satisfied
cp-sat,1,2023,unit-commitment,L10-T48G10L10,Unit-Commitment,18718,1703450,Optimal
cp-sat,1,2023,evm-super-compilation,BDARUMA_run_code_of_0_block_284_170_0_input,evmopt-generic,1156,11,Optimal
cp-sat,1,2023,kidney-exchange,3_20_0.15_3,ccmcp,644,815,Optimal
cp-sat,1,2023,mrcpsp,j30_25_5,mrcpsp,374,27,Optimal
cp-sat,1,2023,unit-commitment,L15-T48G30L15,Unit-Commitment,1191622,24849685,Satisfied
cp-sat,1,2023,mrcpsp,j30_41_8,mrcpsp,1067,30,Optimal
cp-sat,1,2023,roster,chicroster_dataset_large_16,roster_model,532,0,Optimal
cp-sat,1,2023,code-generator,mips_pegwit.ec_vlong.vlShortLshift,unison,34252,306469157,Optimal
cp-sat,1,2023,sudoku_fixed,sudoku_p89,sudoku_fixed,686,,Optimal
cp-sat,1,2023,yumi-static,p_4_GG_GG_yumi_grid_setup_7_7,yumi-static,42771,457,Optimal
cp-sat,1,2023,vrplc,vrplc9_5_10_s2,vrplc_service,32294,329,Optimal
cp-sat,1,2023,code-generator,mips_gcc.varasm.default_named_section_asm_out_destructor,unison,541119,692,Optimal
cp-sat,1,2023,pennies-opt,n7,pennies,30374,7,Optimal
cp-sat,1,2023,kidney-exchange,3_20_0.40_2,ccmcp,14476,1386,Optimal
cp-sat,1,2023,vrplc,vrplc13_11_20_s4,vrplc_service,29916,604,Satisfied
cp-sat,1,2023,travelling-thief,n20_k3_c10000_l100_u200_r81,ttp,479102,4988190,Optimal
cp-sat,1,2023,multi-agent-graph-coverage,rnd_n10_p2000_c15_s1,graph-scan-revised,3461,149,Optimal
cp-sat,1,2023,gametes,gamete_nl20_m30_12983649,gametes,162088,6,Satisfied
cp-sat,1,2023,yumi-static,p_7_GGG_GGGG_yumi_grid_setup_3_4,yumi-static,73718,767,Satisfied
cp-sat,1,2023,roster-shifts-bool,small,bool-model,2276,5281,Optimal
cp-sat,1,2023,roster,chicroster_dataset_10,roster_model,1571,18,Optimal
cp-sat,1,2023,roster-shifts-bool,large,bool-model,56158,56378,Optimal
cp-sat,1,2023,pennies-opt,n8,pennies,4594,7,Satisfied
cp-sat,1,2023,chessboard,chessboard_n39_2,chessboard,864384,654,Satisfied
cp-sat,1,2023,valve-network,horizon20,valve-network,54407,1338,Satisfied
cp-sat,1,2023,yumi-static,p_9_GGGG_GGGGG_yumi_grid_setup_3_4,yumi-static,554127,1005,Satisfied
cp-sat,1,2023,vrplc,vrplc9_5_15_s2,vrplc_service,62098,411,Satisfied
cp-sat,1,2023,sudoku_fixed,sudoku_p20,sudoku_fixed,1212,,Optimal
cp-sat,1,2023,code-generator,mips_mesa.eval.gl_Map1f,unison,1199570,478854,Satisfied
cp-sat,1,2023,travelling-thief,n20_k20_c1000_l1000_u2000_r46,ttp,25391,3673000,Optimal
cp-sat,1,2023,roster-shifts-bool,s50_e50_c3,bool-model,1013,5312,Optimal
cp-sat,1,2023,roster-shifts-bool,s100_e20_c8,bool-model,959,4955,Optimal
cp-sat,1,2023,travelling-thief,n10_k15_c5000_l10000_u11000_r49,ttp,3539,5134100,Optimal
cp-sat,1,2023,code-generator,mips_gcc.flow.find_regno_partial,unison,32576,6340,Optimal
cp-sat,1,2023,sudoku_fixed,sudoku_p26,sudoku_fixed,338335,,Optimal
cp-sat,1,2023,test-scheduling,t100m20r3-14,test-scheduling,13388,8786,Optimal
cp-sat,1,2023,valve-network,horizon28,valve-network,245478,2661,Satisfied
cp-sat,1,2023,evm-super-compilation,isolated_block_6_0_input,evmopt-generic,8323,13,Optimal
cp-sat,1,2023,table-layout,p1000_m3_r100_c10,TableLayout,471,8137,Optimal
cp-sat,1,2023,elitserien,handball8,handball,15674,3,Optimal
cp-sat,1,2023,kidney-exchange,3_25_0.10_2,ccmcp,1012,660,Optimal
cp-sat,1,2023,travelling-thief,n10_k3_c5000_l10000_u10100_r46,ttp,1452,1454500,Optimal
cp-sat,1,2023,evm-super-compilation,Kongu_run_code_of_0_block_240_0_input,evmopt-generic,1134259,54,Satisfied
cp-sat,1,2023,roster,chicroster_dataset_8,roster_model,416,7,Optimal
cp-sat,1,2023,table-layout,p2000_m10_r500_c20,TableLayout,887467,6729,Satisfied
cp-sat,1,2023,gametes,gamete_nl7_m10_181,gametes,706755,5,Optimal
cp-sat,1,2023,mrcpsp,j30_33_5,mrcpsp,997,48,Optimal
cp-sat,1,2023,code-generator,mips_rasta.mapping.comp_Jboundaries,unison,97626,11848,Optimal
cp-sat,1,2023,unit-commitment,L3-T6G5L5,Unit-Commitment,175,75950,Optimal
cp-sat,1,2023,roster-shifts-bool,s200_e50_c8,bool-model,1064,5190,Optimal
cp-sat,1,2023,yumi-static,p_5_GG_GGG_yumi_grid_setup_7_7,yumi-static,95223,527,Optimal
cp-sat,1,2023,speck-optimisation,easy_3,SPECK-Optimisation,645,5,Optimal
cp-sat,1,2023,valve-network,horizon19,valve-network,45176,1198,Satisfied
cp-sat,1,2023,chessboard,chessboard3,chessboard,285686,48,Optimal
cp-sat,1,2023,pennies-opt,n9,pennies,8049,8,Satisfied
cp-sat,1,2023,speck-optimisation,medium_6,SPECK-Optimisation,192351,10,Optimal
cp-sat,1,2023,chessboard,chessboard_n9_1,chessboard,947203,198,Satisfied
cp-sat,1,2023,multi-agent-graph-coverage,rnd_n40_p1000_c20_s1,graph-scan-revised,1060584,2147,Satisfied
cp-sat,1,2023,mrcpsp,j30_54_2,mrcpsp,8812,28,Optimal
cp-sat,8,2023,travelling-thief,n10_k3_c5000_l10000_u10100_r46,ttp,946,1454500,Optimal
cp-sat,8,2023,gametes,gamete_nl7_m10_181,gametes,4784,5,Optimal
cp-sat,8,2023,evm-super-compilation,BDARUMA_run_code_of_0_block_284_170_0_input,evmopt-generic,805,11,Optimal
cp-sat,8,2023,elitserien,handball2,handball,4672,2,Optimal
cp-sat,8,2023,speck-optimisation,very_hard_5,SPECK-Optimisation,997360,177,Satisfied
cp-sat,8,2023,yumi-static,p_4_GG_GG_yumi_grid_setup_7_7,yumi-static,7262,457,Optimal
cp-sat,8,2023,kidney-exchange,3_20_0.15_3,ccmcp,564,815,Optimal
cp-sat,8,2023,speck-optimisation,hard_0,SPECK-Optimisation,16435,30,Satisfied
cp-sat,8,2023,code-generator,mips_gcc.varasm.default_named_section_asm_out_destructor,unison,46217,692,Optimal
cp-sat,8,2023,evm-super-compilation,Kongu_run_code_of_0_block_240_0_input,evmopt-generic,228518,50,Satisfied
cp-sat,8,2023,vrplc,vrplc11_5_15_s4,vrplc_service,7185,332,Satisfied
cp-sat,8,2023,vrplc,vrplc13_11_20_s4,vrplc_service,1195106,588,Optimal
cp-sat,8,2023,vrplc,vrplc9_5_10_s2,vrplc_service,5749,329,Optimal
cp-sat,8,2023,vrplc,vrplc9_5_15_s2,vrplc_service,230439,411,Optimal
cp-sat,8,2023,speck-optimisation,medium_6,SPECK-Optimisation,8320,10,Optimal
cp-sat,8,2023,test-scheduling,t20m10r10-17,test-scheduling,446,1069,Optimal
cp-sat,8,2023,gametes,gamete_nl20_m30_12983649,gametes,137013,6,Optimal
cp-sat,8,2023,yumi-static,p_7_GGG_GGGG_yumi_grid_setup_3_4,yumi-static,520232,765,Optimal
cp-sat,8,2023,multi-agent-graph-coverage,rnd_n10_p2000_c15_s1,graph-scan-revised,1254,149,Optimal
cp-sat,8,2023,pennies-opt,n8,pennies,280149,7,Optimal
cp-sat,8,2023,roster-shifts-bool,s200_e50_c8,bool-model,1039,5190,Optimal
cp-sat,8,2023,elitserien,handball4,handball,4962,2,Optimal
cp-sat,8,2023,code-generator,mips_mesa.eval.gl_Map1f,unison,1144911,469152,Satisfied
cp-sat,8,2023,yumi-static,p_9_GGGG_GGGGG_yumi_grid_setup_3_4,yumi-static,535890,995,Satisfied
cp-sat,8,2023,mrcpsp,j30_41_8,mrcpsp,395,30,Optimal
cp-sat,8,2023,travelling-thief,n20_k15_c5000_l100_u200_r32,ttp,57972,9768112,Optimal
cp-sat,8,2023,valve-network,horizon20,valve-network,27860,1338,Optimal
cp-sat,8,2023,sudoku_fixed,sudoku_p28,sudoku_fixed,3018,,Optimal
cp-sat,8,2023,pennies-opt,n12,pennies,21785,10,Satisfied
cp-sat,8,2023,table-layout,p1000_m10_r200_c15,TableLayout,180420,3814,Satisfied
cp-sat,8,2023,test-scheduling,t30m20r3-20,test-scheduling,513,2745,Optimal
cp-sat,8,2023,roster-shifts-bool,large,bool-model,47624,56378,Optimal
cp-sat,8,2023,sudoku_fixed,sudoku_p48,sudoku_fixed,338,,Optimal
cp-sat,8,2023,chessboard,chessboard3,chessboard,6318,48,Optimal
cp-sat,8,2023,speck-optimisation,easy_3,SPECK-Optimisation,480,5,Optimal
cp-sat,8,2023,sudoku_fixed,sudoku_p20,sudoku_fixed,654,,Optimal
cp-sat,8,2023,valve-network,horizon28,valve-network,120010,2661,Optimal
cp-sat,8,2023,evm-super-compilation,BDARUMA_run_code_of_0_block_108_233_1_extended_input,evmopt-generic,95428,33,Optimal
cp-sat,8,2023,evm-super-compilation,isolated_block_6_0_input,evmopt-generic,2567,13,Optimal
cp-sat,8,2023,unit-commitment,L12-T48G15L10,Unit-Commitment,11041,1480000,Optimal
cp-sat,8,2023,roster-shifts-bool,small,bool-model,2505,5281,Optimal
cp-sat,8,2023,gametes,gamete_nl7_m10_134,gametes,2392,3,Optimal
cp-sat,8,2023,speck-optimisation,easy_1,SPECK-Optimisation,387,1,Optimal
cp-sat,8,2023,travelling-thief,n20_k20_c1000_l1000_u2000_r46,ttp,13618,3673000,Optimal
cp-sat,8,2023,kidney-exchange,3_25_0.15_4,ccmcp,785,1152,Optimal
cp-sat,8,2023,test-scheduling,t500m50r10-8,test-scheduling,709665,43808,Satisfied
cp-sat,8,2023,roster,chicroster_dataset_12,roster_model,737,19,Optimal
cp-sat,8,2023,vrplc,vrplc10_5_20_s3,vrplc_service,577794,269,Satisfied
cp-sat,8,2023,evm-super-compilation,PlaylinkAirdrop_run_code_of_0_block_216_0_input,evmopt-generic,168588,35,Satisfied
cp-sat,8,2023,valve-network,horizon12,valve-network,3825,356,Optimal
cp-sat,8,2023,table-layout,p1000_m20_r200_c20,TableLayout,577207,5248,Satisfied
cp-sat,8,2023,yumi-static,p_4_SG_SG_yumi_grid_setup_3_3,yumi-static,12759,569,Optimal
cp-sat,8,2023,roster,chicroster_dataset_large_16,roster_model,606,0,Optimal
cp-sat,8,2023,code-generator,mips_pegwit.ec_vlong.vlShortLshift,unison,35294,306469157,Optimal
cp-sat,8,2023,valve-network,horizon6,valve-network,1001,34,Optimal
cp-sat,8,2023,unit-commitment,L10-T48G10L10,Unit-Commitment,1310,1703450,Optimal
cp-sat,8,2023,kidney-exchange,3_25_0.10_2,ccmcp,595,660,Optimal
cp-sat,8,2023,sudoku_fixed,sudoku_p89,sudoku_fixed,721,,Optimal
cp-sat,8,2023,yumi-static,p_5_GG_GGG_yumi_grid_setup_7_7,yumi-static,11135,527,Optimal
cp-sat,8,2023,roster-shifts-bool,s100_e20_c8,bool-model,867,4955,Optimal
cp-sat,8,2023,code-generator,mips_rasta.mapping.comp_Jboundaries,unison,26248,11848,Optimal
cp-sat,8,2023,pennies-opt,n7,pennies,6219,7,Optimal
cp-sat,8,2023,chessboard,chessboard_n9_1,chessboard,595473,198,Satisfied
cp-sat,8,2023,elitserien,handball9,handball,4282,3,Optimal
cp-sat,8,2023,valve-network,horizon19,valve-network,20317,1198,Optimal
cp-sat,8,2023,mrcpsp,j30_25_5,mrcpsp,415,27,Optimal
cp-sat,8,2023,mrcpsp,j30_33_5,mrcpsp,550,48,Optimal
cp-sat,8,2023,mrcpsp,j30_54_2,mrcpsp,2061,28,Optimal
cp-sat,8,2023,travelling-thief,n10_k15_c5000_l10000_u11000_r49,ttp,2108,5134100,Optimal
cp-sat,8,2023,kidney-exchange,3_20_0.40_2,ccmcp,2078,1386,Optimal
cp-sat,8,2023,unit-commitment,L7-T12G5L5,Unit-Commitment,191,130950,Optimal
cp-sat,8,2023,roster-shifts-bool,s50_e50_c3,bool-model,879,5312,Optimal
cp-sat,8,2023,gametes,gamete_nl20_m40_10408565,gametes,39214,4,Optimal
cp-sat,8,2023,multi-agent-graph-coverage,rnd_n40_p1000_c20_s1,graph-scan-revised,1084416,1707,Satisfied
cp-sat,8,2023,gametes,gamete_nl20_m30_778477,gametes,40223,3,Optimal
cp-sat,8,2023,roster,chicroster_dataset_9,roster_model,625,13,Optimal
cp-sat,8,2023,multi-agent-graph-coverage,rnd_n10_p1500_c15_s1,graph-scan-revised,1303,147,Optimal
cp-sat,8,2023,multi-agent-graph-coverage,rnd_n75_p1000_c50_s1,graph-scan-revised,1159588,26865,Satisfied
cp-sat,8,2023,table-layout,p2000_m10_r500_c20,TableLayout,757612,6211,Satisfied
cp-sat,8,2023,travelling-thief,n20_k3_c10000_l100_u200_r81,ttp,35488,4988190,Optimal
cp-sat,8,2023,roster,chicroster_dataset_8,roster_model,459,7,Optimal
cp-sat,8,2023,test-scheduling,t100m20r3-14,test-scheduling,7029,8786,Optimal
cp-sat,8,2023,kidney-exchange,3_20_0.30_4,ccmcp,726,1494,Optimal
cp-sat,8,2023,mrcpsp,j30_29_3,mrcpsp,1876,32,Optimal
cp-sat,8,2023,multi-agent-graph-coverage,rnd_n20_p1000_c10_s1,graph-scan-revised,62445,232,Satisfied
cp-sat,8,2023,unit-commitment,L3-T6G5L5,Unit-Commitment,170,75950,Optimal
cp-sat,8,2023,table-layout,p2000_m16_r1000_c200,TableLayout,1200000,,Unsatisfiable
cp-sat,8,2023,pennies-opt,n5,pennies,663,5,Optimal
cp-sat,8,2023,elitserien,handball10,handball,5406,4,Optimal
cp-sat,8,2023,test-scheduling,t50m20r10-17,test-scheduling,618,4488,Optimal
cp-sat,8,2023,pennies-opt,n9,pennies,8391,8,Satisfied
cp-sat,8,2023,unit-commitment,L15-T48G30L15,Unit-Commitment,1126819,24100720,Satisfied
cp-sat,8,2023,chessboard,chessboard_n12_1,chessboard,161984,357,Satisfied
cp-sat,8,2023,roster,chicroster_dataset_10,roster_model,543,18,Optimal
cp-sat,8,2023,chessboard,chessboard4,chessboard,559,25,Optimal
cp-sat,8,2023,sudoku_fixed,sudoku_p26,sudoku_fixed,9908,,Optimal
cp-sat,8,2023,table-layout,p1000_m3_r100_c10,TableLayout,584,8137,Optimal
cp-sat,8,2023,chessboard,chessboard_n39_2,chessboard,476404,668,Satisfied
cp-sat,8,2023,code-generator,mips_gcc.flow.find_regno_partial,unison,21738,6340,Optimal
cp-sat,8,2023,elitserien,handball8,handball,4618,3,Optimal
chuffed,1,2023,test-scheduling,t30m20r3-20,test-scheduling,785,2745,Optimal
chuffed,1,2023,elitserien,handball4,handball,1785,2,Optimal
chuffed,1,2023,mrcpsp,j30_41_8,mrcpsp,313,30,Optimal
chuffed,1,2023,gametes,gamete_nl20_m40_10408565,gametes,10953,4,Optimal
chuffed,1,2023,test-scheduling,t500m50r10-8,test-scheduling,1200000,,Unknown
chuffed,1,2023,unit-commitment,L7-T12G5L5,Unit-Commitment,1200995,50678680,Satisfied
chuffed,1,2023,test-scheduling,t20m10r10-17,test-scheduling,86997,1069,Optimal
chuffed,1,2023,code-generator,mips_pegwit.ec_vlong.vlShortLshift,unison,8574,306469157,Optimal
chuffed,1,2023,travelling-thief,n10_k3_c5000_l10000_u10100_r46,ttp,359,1454500,Optimal
chuffed,1,2023,code-generator,mips_gcc.varasm.default_named_section_asm_out_destructor,unison,202391,722,Satisfied
chuffed,1,2023,table-layout,p1000_m3_r100_c10,TableLayout,5617,8137,Optimal
chuffed,1,2023,multi-agent-graph-coverage,rnd_n40_p1000_c20_s1,graph-scan-revised,1118858,2835,Satisfied
chuffed,1,2023,evm-super-compilation,BDARUMA_run_code_of_0_block_284_170_0_input,evmopt-generic,412,11,Optimal
chuffed,1,2023,roster-shifts-bool,large,bool-model,26126,56342,Satisfied
chuffed,1,2023,sudoku_fixed,sudoku_p89,sudoku_fixed,327,,Optimal
chuffed,1,2023,mrcpsp,j30_33_5,mrcpsp,390,48,Optimal
chuffed,1,2023,mrcpsp,j30_54_2,mrcpsp,2353,28,Optimal
chuffed,1,2023,pennies-opt,n8,pennies,630133,7,Optimal
chuffed,1,2023,mrcpsp,j30_25_5,mrcpsp,255,27,Optimal
chuffed,1,2023,code-generator,mips_mesa.eval.gl_Map1f,unison,478190,480728,Satisfied
chuffed,1,2023,sudoku_fixed,sudoku_p48,sudoku_fixed,264,,Optimal
chuffed,1,2023,mrcpsp,j30_29_3,mrcpsp,882,32,Optimal
chuffed,1,2023,unit-commitment,L10-T48G10L10,Unit-Commitment,1200000,,Unknown
chuffed,1,2023,chessboard,chessboard_n39_2,chessboard,656024,508,Satisfied
chuffed,1,2023,pennies-opt,n7,pennies,12391,7,Optimal
chuffed,1,2023,yumi-static,p_4_SG_SG_yumi_grid_setup_3_3,yumi-static,595285,569,Optimal
chuffed,1,2023,speck-optimisation,hard_0,SPECK-Optimisation,1084,55,Satisfied
chuffed,1,2023,unit-commitment,L15-T48G30L15,Unit-Commitment,1200000,,Unknown
chuffed,1,2023,evm-super-compilation,isolated_block_6_0_input,evmopt-generic,1019,13,Optimal
chuffed,1,2023,travelling-thief,n20_k15_c5000_l100_u200_r32,ttp,1049844,9767920,Satisfied
chuffed,1,2023,valve-network,horizon28,valve-network,1177670,2273,Satisfied
chuffed,1,2023,roster-shifts-bool,s50_e50_c3,bool-model,685,5312,Satisfied
chuffed,1,2023,travelling-thief,n10_k15_c5000_l10000_u11000_r49,ttp,2407,5134100,Optimal
chuffed,1,2023,speck-optimisation,easy_3,SPECK-Optimisation,444,5,Optimal
chuffed,1,2023,roster-shifts-bool,small,bool-model,617098,5239,Satisfied
chuffed,1,2023,roster,chicroster_dataset_9,roster_model,448,13,Optimal
chuffed,1,2023,table-layout,p2000_m10_r500_c20,TableLayout,1142562,33987,Satisfied
chuffed,1,2023,gametes,gamete_nl7_m10_181,gametes,698534,5,Optimal
chuffed,1,2023,kidney-exchange,3_20_0.40_2,ccmcp,5397,1386,Optimal
chuffed,1,2023,roster,chicroster_dataset_12,roster_model,368,19,Optimal
chuffed,1,2023,table-layout,p1000_m10_r200_c15,TableLayout,1196037,15377,Satisfied
chuffed,1,2023,yumi-static,p_7_GGG_GGGG_yumi_grid_setup_3_4,yumi-static,851000,803,Satisfied
chuffed,1,2023,code-generator,mips_gcc.flow.find_regno_partial,unison,6504,6340,Optimal
chuffed,1,2023,elitserien,handball10,handball,4660,4,Optimal
chuffed,1,2023,kidney-exchange,3_20_0.15_3,ccmcp,289,815,Optimal
chuffed,1,2023,vrplc,vrplc11_5_15_s4,vrplc_service,957663,368,Satisfied
chuffed,1,2023,vrplc,vrplc10_5_20_s3,vrplc_service,990414,350,Satisfied
chuffed,1,2023,kidney-exchange,3_20_0.30_4,ccmcp,928,1494,Optimal
chuffed,1,2023,unit-commitment,L3-T6G5L5,Unit-Commitment,547586,75950,Optimal
chuffed,1,2023,yumi-static,p_9_GGGG_GGGGG_yumi_grid_setup_3_4,yumi-static,354172,1445,Satisfied
chuffed,1,2023,roster,chicroster_dataset_10,roster_model,330,18,Optimal
chuffed,1,2023,travelling-thief,n20_k20_c1000_l1000_u2000_r46,ttp,10277,3673000,Optimal
chuffed,1,2023,unit-commitment,L12-T48G15L10,Unit-Commitment,1200000,,Unknown
chuffed,1,2023,valve-network,horizon6,valve-network,811,34,Optimal
chuffed,1,2023,multi-agent-graph-coverage,rnd_n75_p1000_c50_s1,graph-scan-revised,1200000,,Unknown
chuffed,1,2023,evm-super-compilation,BDARUMA_run_code_of_0_block_108_233_1_extended_input,evmopt-generic,31172,33,Optimal
chuffed,1,2023,code-generator,mips_rasta.mapping.comp_Jboundaries,unison,58681,11848,Optimal
chuffed,1,2023,valve-network,horizon20,valve-network,751621,1338,Optimal
chuffed,1,2023,elitserien,handball2,handball,3477,2,Optimal
chuffed,1,2023,vrplc,vrplc13_11_20_s4,vrplc_service,575155,625,Satisfied
chuffed,1,2023,chessboard,chessboard_n9_1,chessboard,355592,196,Satisfied
chuffed,1,2023,evm-super-compilation,Kongu_run_code_of_0_block_240_0_input,evmopt-generic,217714,50,Satisfied
chuffed,1,2023,chessboard,chessboard3,chessboard,57647,48,Optimal
chuffed,1,2023,sudoku_fixed,sudoku_p28,sudoku_fixed,10090,,Optimal
chuffed,1,2023,pennies-opt,n9,pennies,1605,8,Satisfied
chuffed,1,2023,chessboard,chessboard_n12_1,chessboard,63909,357,Satisfied
chuffed,1,2023,pennies-opt,n5,pennies,296,5,Optimal
chuffed,1,2023,vrplc,vrplc9_5_15_s2,vrplc_service,843606,419,Satisfied
chuffed,1,2023,vrplc,vrplc9_5_10_s2,vrplc_service,24587,329,Optimal
chuffed,1,2023,gametes,gamete_nl20_m30_778477,gametes,2650,3,Optimal
chuffed,1,2023,elitserien,handball9,handball,2015,3,Optimal
chuffed,1,2023,speck-optimisation,very_hard_5,SPECK-Optimisation,1200000,,Unknown
chuffed,1,2023,sudoku_fixed,sudoku_p20,sudoku_fixed,1272,,Optimal
chuffed,1,2023,multi-agent-graph-coverage,rnd_n20_p1000_c10_s1,graph-scan-revised,877906,240,Satisfied
chuffed,1,2023,sudoku_fixed,sudoku_p26,sudoku_fixed,86041,,Optimal
chuffed,1,2023,pennies-opt,n12,pennies,24087,10,Satisfied
chuffed,1,2023,roster-shifts-bool,s200_e50_c8,bool-model,672,5190,Satisfied
chuffed,1,2023,test-scheduling,t100m20r3-14,test-scheduling,1200645,32934,Satisfied
chuffed,1,2023,gametes,gamete_nl7_m10_134,gametes,458,3,Optimal
chuffed,1,2023,speck-optimisation,medium_6,SPECK-Optimisation,81292,10,Optimal
chuffed,1,2023,valve-network,horizon12,valve-network,8104,356,Optimal
chuffed,1,2023,test-scheduling,t50m20r10-17,test-scheduling,1200084,11195,Satisfied
chuffed,1,2023,roster,chicroster_dataset_large_16,roster_model,417,0,Optimal
chuffed,1,2023,yumi-static,p_4_GG_GG_yumi_grid_setup_7_7,yumi-static,133107,457,Optimal
chuffed,1,2023,gametes,gamete_nl20_m30_12983649,gametes,946672,6,Optimal
chuffed,1,2023,multi-agent-graph-coverage,rnd_n10_p2000_c15_s1,graph-scan-revised,6395,149,Optimal
chuffed,1,2023,table-layout,p1000_m20_r200_c20,TableLayout,1171722,16472,Satisfied
chuffed,1,2023,multi-agent-graph-coverage,rnd_n10_p1500_c15_s1,graph-scan-revised,7028,147,Optimal
chuffed,1,2023,travelling-thief,n20_k3_c10000_l100_u200_r81,ttp,1021088,4988190,Satisfied
chuffed,1,2023,roster,chicroster_dataset_8,roster_model,290,7,Optimal
chuffed,1,2023,yumi-static,p_5_GG_GGG_yumi_grid_setup_7_7,yumi-static,858938,527,Optimal
chuffed,1,2023,elitserien,handball8,handball,974,3,Optimal
chuffed,1,2023,roster-shifts-bool,s100_e20_c8,bool-model,4016,4955,Satisfied
chuffed,1,2023,kidney-exchange,3_25_0.15_4,ccmcp,645,1152,Optimal
chuffed,1,2023,table-layout,p2000_m16_r1000_c200,TableLayout,1200000,,Unsatisfiable
chuffed,1,2023,speck-optimisation,easy_1,SPECK-Optimisation,272,1,Optimal
chuffed,1,2023,kidney-exchange,3_25_0.10_2,ccmcp,351,660,Optimal
chuffed,1,2023,valve-network,horizon19,valve-network,386725,1198,Optimal
chuffed,1,2023,chessboard,chessboard4,chessboard,949,25,Optimal
chuffed,1,2023,evm-super-compilation,PlaylinkAirdrop_run_code_of_0_block_216_0_input,evmopt-generic,40290,35,Satisfied
Huub,1,2023,elitserien,handball10,handball,1200000,,Unknown
Huub,1,2023,elitserien,handball2,handball,280633,2,Optimal
Huub,1,2023,valve-network,horizon20,valve-network,149996,1338,Optimal
Huub,1,2023,speck-optimisation,very_hard_5,SPECK-Optimisation,1200000,,Unsatisfiable
Huub,1,2023,speck-optimisation,easy_3,SPECK-Optimisation,354,60,Optimal
Huub,1,2023,chessboard,chessboard_n39_2,chessboard,520565,478,Satisfied
Huub,1,2023,chessboard,chessboard_n12_1,chessboard,189123,356,Satisfied
Huub,1,2023,valve-network,horizon6,valve-network,1045,34,Optimal
Huub,1,2023,speck-optimisation,easy_1,SPECK-Optimisation,381,30,Optimal
Huub,1,2023,valve-network,horizon12,valve-network,10507,356,Optimal
Huub,1,2023,chessboard,chessboard4,chessboard,3719,25,Optimal
Huub,1,2023,valve-network,horizon28,valve-network,1093517,2661,Optimal
Huub,1,2023,speck-optimisation,medium_6,SPECK-Optimisation,1200000,,Unsatisfiable
Huub,1,2023,speck-optimisation,hard_0,SPECK-Optimisation,1200000,,Unsatisfiable
Huub,1,2023,chessboard,chessboard3,chessboard,191575,48,Optimal
Huub,1,2023,chessboard,chessboard_n9_1,chessboard,1065161,191,Satisfied
Huub,1,2023,valve-network,horizon19,valve-network,162571,1198,Optimal
